--
-- PostgreSQL database dump
--

-- Dumped from database version 9.3.1
-- Dumped by pg_dump version 9.3.1
-- Started on 2013-12-04 16:56:56 CET

SET statement_timeout = 0;
SET lock_timeout = 0;
SET client_encoding = 'UTF8';
SET standard_conforming_strings = on;
SET check_function_bodies = false;
SET client_min_messages = warning;

SET search_path = public, pg_catalog;

--
-- TOC entry 2397 (class 0 OID 18451)
-- Dependencies: 190
-- Data for Name: categorie; Type: TABLE DATA; Schema: public; Owner: postgres
--

INSERT INTO categorie (id, name, requiredage, description) VALUES (1, 'Romance', 3, 'Une bande dessinée sur le thême de l''amour');
INSERT INTO categorie (id, name, requiredage, description) VALUES (2, 'Action', 7, '...');
INSERT INTO categorie (id, name, requiredage, description) VALUES (3, 'Aventure', 7, '...');
INSERT INTO categorie (id, name, requiredage, description) VALUES (4, 'Science-Fiction', 7, '...');
INSERT INTO categorie (id, name, requiredage, description) VALUES (5, 'Horreur', 16, '...');
INSERT INTO categorie (id, name, requiredage, description) VALUES (6, 'Fantastique', 7, '...');
INSERT INTO categorie (id, name, requiredage, description) VALUES (7, 'Humour', 3, '...');


--
-- TOC entry 2391 (class 0 OID 18400)
-- Dependencies: 184
-- Data for Name: profilepicture; Type: TABLE DATA; Schema: public; Owner: postgres
--

INSERT INTO profilepicture (id, url, alt) VALUES (1, 'jpeg', 'angel.jpg');
INSERT INTO profilepicture (id, url, alt) VALUES (2, 'jpeg', 'angel.jpg');
INSERT INTO profilepicture (id, url, alt) VALUES (3, 'png', 'Arthur.png');


--
-- TOC entry 2390 (class 0 OID 18378)
-- Dependencies: 183
-- Data for Name: dtbuser; Type: TABLE DATA; Schema: public; Owner: postgres
--

INSERT INTO dtbuser (id, username, username_canonical, email, email_canonical, enabled, salt, password, last_login, locked, expired, expires_at, confirmation_token, password_requested_at, roles, credentials_expired, credentials_expire_at, description, firstname, lastname, city, birthdate, facebook, twitter, skype, profilepicture_id) VALUES (6, 'karzix', 'karzix', 'oenix.web@karzix.fr', 'oenix.web@karzix.fr', true, 'ex391zj3rmoko0ogoco48488w8k04kg', 'aGSQ1W7VjjfZf7e7Idzp0rx6f/K0+nnm4+w1/ReH0IS7NuGyxtysbNa65uLqVWaUMyJpa+pVSwFRKiJKcQ7dIw==', '2013-07-16 15:23:57', false, false, NULL, NULL, NULL, 'a:0:{}', false, NULL, NULL, NULL, NULL, NULL, NULL, NULL, NULL, NULL, NULL);
INSERT INTO dtbuser (id, username, username_canonical, email, email_canonical, enabled, salt, password, last_login, locked, expired, expires_at, confirmation_token, password_requested_at, roles, credentials_expired, credentials_expire_at, description, firstname, lastname, city, birthdate, facebook, twitter, skype, profilepicture_id) VALUES (5, 'pastore', 'pastore', 'pastore@pastore.fr', 'pastore@pastore.fr', true, '93o3ddr9mqcc8kw8wco0880og0g0o8o', '+hT96fiQ+5Zs7VQs8MnKWe4R1kb63RhZYLFyk1Y5/UqLYqqLn7H/rwD40jKH/PKI38YB6DJ2uXFMX64F1gR8Vg==', '2013-07-16 15:24:20', false, false, NULL, NULL, NULL, 'a:0:{}', false, NULL, NULL, 'qqqq', NULL, NULL, NULL, NULL, NULL, NULL, 2);
INSERT INTO dtbuser (id, username, username_canonical, email, email_canonical, enabled, salt, password, last_login, locked, expired, expires_at, confirmation_token, password_requested_at, roles, credentials_expired, credentials_expire_at, description, firstname, lastname, city, birthdate, facebook, twitter, skype, profilepicture_id) VALUES (7, 'cavani', 'cavani', 'karzix@karzix.net', 'karzix@karzix.net', true, 'i7cw2zb7nl4oww8ocgs0gk4g80scc8o', 'sri9CNX7lfiY3m6wqMaGkBqOupmcgV+Me0viNJB9W2RRxxQE7wvx35hUvCy9aTqQq5HXxoDfo3fLjyJ+irb7IQ==', '2013-09-04 18:45:38', false, false, NULL, NULL, NULL, 'a:0:{}', false, NULL, NULL, NULL, NULL, NULL, NULL, NULL, NULL, NULL, NULL);
INSERT INTO dtbuser (id, username, username_canonical, email, email_canonical, enabled, salt, password, last_login, locked, expired, expires_at, confirmation_token, password_requested_at, roles, credentials_expired, credentials_expire_at, description, firstname, lastname, city, birthdate, facebook, twitter, skype, profilepicture_id) VALUES (8, 'mulhoud', 'mulhoud', 'mulhoud@mulhoud.fr', 'mulhoud@mulhoud.fr', true, 'efc63f8uljk884k0owsccgco4gcwsw0', 'xk1tjrye/nJO8X1K78K8bd6CNSEYdE6SJ82e/Iuw38v5GqB4xEBmEMYMmM0kvGjq2RrVhkqHYRl86t5+jCGgXA==', '2013-12-04 16:26:41', false, false, NULL, NULL, NULL, 'a:0:{}', false, NULL, NULL, NULL, NULL, NULL, NULL, NULL, NULL, NULL, 3);
INSERT INTO dtbuser (id, username, username_canonical, email, email_canonical, enabled, salt, password, last_login, locked, expired, expires_at, confirmation_token, password_requested_at, roles, credentials_expired, credentials_expire_at, description, firstname, lastname, city, birthdate, facebook, twitter, skype, profilepicture_id) VALUES (9, 'arthur', 'arthur', 'arthur@arthur.net', 'arthur@arthur.net', true, 'njge2ltmbu8sgw0ogo0okk4scsccc0c', 'gyTdfgBMGBcu07sZD5aGT1Ks+qS/gMSzvG0sB/CCtZRfUIk8mPvQ1oplwr7Bl11dYOw/QDgiWqbWRm+dQYfQdQ==', '2013-12-04 16:29:16', false, false, NULL, NULL, NULL, 'a:0:{}', false, NULL, NULL, NULL, NULL, NULL, NULL, NULL, NULL, NULL, NULL);
INSERT INTO dtbuser (id, username, username_canonical, email, email_canonical, enabled, salt, password, last_login, locked, expired, expires_at, confirmation_token, password_requested_at, roles, credentials_expired, credentials_expire_at, description, firstname, lastname, city, birthdate, facebook, twitter, skype, profilepicture_id) VALUES (1, 'oenix', 'oenix', 'oenix@oenix.net', 'oenix@oenix.net', true, 'eye55pcg95kcs88kkskggkws088w40c', 'gLEfHXz3AQ8wy9NGvrgI+Y2tEDGXcIZhmIsMfa90hLoVjI5bdbTtavCH3wchl5o+WJE9Rzgg/8grMUa4uBrf/w==', '2013-12-04 16:30:20', false, false, NULL, NULL, NULL, 'a:0:{}', false, NULL, 'The only limit is the one you set yourself.', 'Arthur', 'Bosquette', 'Rueil', '1991-09-13', 'arthur.bosquette', 'oenix', 'oenixineo', 1);


--
-- TOC entry 2400 (class 0 OID 18478)
-- Dependencies: 193
-- Data for Name: palette; Type: TABLE DATA; Schema: public; Owner: postgres
--



--
-- TOC entry 2403 (class 0 OID 18502)
-- Dependencies: 196
-- Data for Name: scenario; Type: TABLE DATA; Schema: public; Owner: postgres
--

INSERT INTO scenario (id, content, last_edition) VALUES (4, NULL, '2013-10-16 15:18:54');
INSERT INTO scenario (id, content, last_edition) VALUES (2, 'Un jeune Romain ambitieux, Caius Saugrenus, suggère à César d''essayer de corrompre les Gaulois qui lui résistent (encore et toujours) puisqu''il est impossible de les vaincre militairement. Ayant reçu carte blanche, Saugrenus imagine d''acheter les menhirs qu''Obélix transporte sempiternellement sur son dos depuis le début de la série. Rapidement couvert de sesterces par le Romain, qui veut toujours plus de menhirs, Obélix est obligé d''embaucher des assistants, de payer des chasseurs etc. et devient le moteur économique du village. Les autres gaulois, jaloux du succès d''Obélix, décident (par suggestion d''Astérix) de tailler des menhirs eux aussi et au bout d''un certain temps, la moitié du village fait des menhirs et l''autre moitié la nourrit. Cependant, César s''alarmant des dépenses de Saugrenus mettant à mal l''économie de l''Empire romain, celui-ci entreprend de revendre les menhirs au public romain grâce à une campagne de publicité extraordinaire. De fil en aiguille, une gigantesque crise économique et sociale secoue l''Empire romain tout entier...', '2013-07-16 17:27:56');
INSERT INTO scenario (id, content, last_edition) VALUES (3, 'Un jeune Romain ambitieux, Caius Saugrenus, suggère à César d''essayer de corrompre les Gaulois qui lui résistent (encore et toujours) puisqu''il est impossible de les vaincre militairement. Ayant reçu carte blanche, Saugrenus imagine d''acheter les menhirs qu''Obélix transporte sempiternellement sur son dos depuis le début de la série. Rapidement couvert de sesterces par le Romain, qui veut toujours plus de menhirs, Obélix est obligé d''embaucher des assistants, de payer des chasseurs etc. et devient le moteur économique du village. Les autres gaulois, jaloux du succès d''Obélix, décident (par suggestion d''Astérix) de tailler des menhirs eux aussi et au bout d''un certain temps, la moitié du village fait des menhirs et l''autre moitié la nourrit. Cependant, César s''alarmant des dépenses de Saugrenus mettant à mal l''économie de l''Empire romain, celui-ci entreprend de revendre les menhirs au public romain grâce à une campagne de publicité extraordinaire. De fil en aiguille, une gigantesque crise économique et sociale secoue l''Empire romain tout entier...', '2013-07-16 17:05:18');
INSERT INTO scenario (id, content, last_edition) VALUES (5, '<p>Trois &eacute;l&egrave;ves nomm&eacute;s Arthur Bosquette, Victor Carmouze et Mickael Martinez ont une qu&ecirc;te commune : cr&eacute;er le meilleur PLIC possible avec un &eacute;diteur de bandes dessin&eacute;es collaboratif.</p>
<p>&nbsp;</p>
<p>Malheureusement, un sortil&egrave;ge leur a &eacute;t&eacute; jet&eacute; et ils n''ont pas pu finir leurs deux premi&egrave;res soutenances &agrave; temps.</p>
<p>&nbsp;</p>
<p>Tout est bien qui finit bien, car le PLIC danstabulle est une reussite.</p>', '2013-12-04 16:34:49');
INSERT INTO scenario (id, content, last_edition) VALUES (6, NULL, '2013-12-04 16:39:44');


--
-- TOC entry 2392 (class 0 OID 18408)
-- Dependencies: 185
-- Data for Name: bandedessinee; Type: TABLE DATA; Schema: public; Owner: postgres
--

INSERT INTO bandedessinee (id, category_id, creator_id, palette_id, scenario_id, title, needdrawers, needscenarists, description) VALUES (3, 1, 1, NULL, 4, 'La Fureur du Foot', NULL, NULL, 'S''il n''a pas forcément le physique pour faire du sport, Steph en a toujours la passion. Que ce soit devant le petit écran chez lui avec sa "minoune" ou au café avec les copains ou encore dans les tribunes, ce petit bonhomme bien en chair est un furieux supporter du ballon rond. Plus de quarante scénettes lui sont consacrées apportant la confirmation de cette fureur du sport.');
INSERT INTO bandedessinee (id, category_id, creator_id, palette_id, scenario_id, title, needdrawers, needscenarists, description) VALUES (4, 5, 1, NULL, NULL, 'Asterix aux jeux olympiques', NULL, NULL, 'Astérix et Obélix se rendent en Grèce, à Olympie, pour participer aux Jeux olympiques. Une bonne partie du village gaulois les accompagne pour les soutenir. Malheureusement, quand ils arrivent, ils entendent parler de l''interdiction des produits dopants. La potion magique est considérée comme un produit interdit. Astérix n''a d''autre choix que de représenter la Gaule, seul, et sans potion magique.');
INSERT INTO bandedessinee (id, category_id, creator_id, palette_id, scenario_id, title, needdrawers, needscenarists, description) VALUES (6, 6, 1, NULL, NULL, 'Cédric, Parasite sur canapé', NULL, NULL, 'Gags en plusieurs planches, dans lesquels vous assisterez entre autre à une photo de classe, à l’enfermement bien involontaire de Cédric dans les toilettes de l‘école, à une soirée dansante improvisée, à une dispute sur le choix du programme télé ou encore à l’arrivée chez Cédric d’un nouveau fauteuil pour son grand-père.');
INSERT INTO bandedessinee (id, category_id, creator_id, palette_id, scenario_id, title, needdrawers, needscenarists, description) VALUES (7, 2, 1, NULL, NULL, 'L''élève Ducobu, la lutte des classes', NULL, NULL, 'C''est la lutte des classes, mais ce n''est heureusement pas la lutte finale pour autant. Monsieur Latouche, l''instit'', ne cesse de s''en prendre à Ducobu en lui posant des questions auxquelles il ne peut pas répondre. Quant à la première de classe, Léonie Gratin, elle continue de refuser à le laisser copier. Les pitreries de ce joyeux perturbateur de l''ordre établi pimentent d''humour et de poésie le quotidien de ses copains de classe.');
INSERT INTO bandedessinee (id, category_id, creator_id, palette_id, scenario_id, title, needdrawers, needscenarists, description) VALUES (8, 3, 1, NULL, NULL, 'La Grande Schtroumpfette', NULL, NULL, 'Une série de réflexions malheureuses et la Schtroumpfette réalise soudain que, si les Schtroumpfs l''adorent, ils ne la prennent pas du tout au sérieux. Pour lui donner l''occasion de s''affirmer, le Grand Schtroumpf annonce qu''il s''absente et qu''il l''a choisie comme remplaçante. Chez les Schtroumpfs, ce choix est négativement perçu. Un évènement inattendu va alors survenir.');
INSERT INTO bandedessinee (id, category_id, creator_id, palette_id, scenario_id, title, needdrawers, needscenarists, description) VALUES (1, 1, 1, NULL, 2, 'Obelix et compagnie', true, true, 'Un jeune Romain ambitieux, Caius Saugrenus, suggère à César d''essayer de corrompre les Gaulois qui lui résistent (encore et toujours) puisqu''il est impossible de les vaincre militairement. Ayant reçu carte blanche, Saugrenus imagine d''acheter les menhirs qu''Obélix transporte sempiternellement sur son dos depuis le début de la série. Rapidement couvert de sesterces par le Romain, qui veut toujours plus de menhirs, Obélix est obligé d''embaucher des assistants, de payer des chasseurs etc. et devient le moteur économique du village');
INSERT INTO bandedessinee (id, category_id, creator_id, palette_id, scenario_id, title, needdrawers, needscenarists, description) VALUES (2, 1, 1, NULL, 3, 'L''ordre des dragons', NULL, NULL, 'Depuis deux siècles, deux ordres mystérieux se livrent une guerre sans merci...
Eva une jeune femme, se retrouve malgré elle au coeur de la bataille!
À travers les pensées d’Eva et sa vie bousculée, le lecteur, adolescent ou adulte, entrevoit de sombres mystères sur fond d’idéologie nazie.
Un premier tome déroutant de sincérité, où les dessins soignés et ténébreux de Denis Rodier prennent toute leur valeur et remettent en cause l’Histoire telle qu’elle nous est enseignée.
Préparez-vous à lever le voile sur des secrets enfouis sous des décennies de
mensonges !');
INSERT INTO bandedessinee (id, category_id, creator_id, palette_id, scenario_id, title, needdrawers, needscenarists, description) VALUES (11, 7, 1, NULL, 5, 'DansTaBulle', true, true, 'Ceci est la bande dessinée du PLIC DansTaBulle.');
INSERT INTO bandedessinee (id, category_id, creator_id, palette_id, scenario_id, title, needdrawers, needscenarists, description) VALUES (12, 2, 9, NULL, 6, 'Blablab', true, true, 'dsqjodsqjodsq');


--
-- TOC entry 2410 (class 0 OID 0)
-- Dependencies: 172
-- Name: bandedessinee_id_seq; Type: SEQUENCE SET; Schema: public; Owner: postgres
--

SELECT pg_catalog.setval('bandedessinee_id_seq', 12, true);


--
-- TOC entry 2404 (class 0 OID 18510)
-- Dependencies: 197
-- Data for Name: tag; Type: TABLE DATA; Schema: public; Owner: postgres
--

INSERT INTO tag (id, name) VALUES (1, 'Amour');
INSERT INTO tag (id, name) VALUES (2, 'Armes');
INSERT INTO tag (id, name) VALUES (3, 'Bagarre');
INSERT INTO tag (id, name) VALUES (11, 'Japon');
INSERT INTO tag (id, name) VALUES (10, 'Idylle');
INSERT INTO tag (id, name) VALUES (9, 'Humour');
INSERT INTO tag (id, name) VALUES (8, 'Gore');
INSERT INTO tag (id, name) VALUES (7, 'Foudre');
INSERT INTO tag (id, name) VALUES (6, 'Facisme');
INSERT INTO tag (id, name) VALUES (5, 'Ecole');
INSERT INTO tag (id, name) VALUES (4, 'Classique');
INSERT INTO tag (id, name) VALUES (12, 'Kart');
INSERT INTO tag (id, name) VALUES (13, 'Lama');
INSERT INTO tag (id, name) VALUES (14, 'Mort');
INSERT INTO tag (id, name) VALUES (15, 'Nature');
INSERT INTO tag (id, name) VALUES (16, 'Orfèvre');
INSERT INTO tag (id, name) VALUES (17, 'Pauvreté');
INSERT INTO tag (id, name) VALUES (18, 'Rome');


--
-- TOC entry 2393 (class 0 OID 18420)
-- Dependencies: 186
-- Data for Name: bandedessinee_tag; Type: TABLE DATA; Schema: public; Owner: postgres
--

INSERT INTO bandedessinee_tag (bandedessinee_id, tag_id) VALUES (1, 3);
INSERT INTO bandedessinee_tag (bandedessinee_id, tag_id) VALUES (2, 3);
INSERT INTO bandedessinee_tag (bandedessinee_id, tag_id) VALUES (3, 3);
INSERT INTO bandedessinee_tag (bandedessinee_id, tag_id) VALUES (4, 2);
INSERT INTO bandedessinee_tag (bandedessinee_id, tag_id) VALUES (6, 3);
INSERT INTO bandedessinee_tag (bandedessinee_id, tag_id) VALUES (7, 1);
INSERT INTO bandedessinee_tag (bandedessinee_id, tag_id) VALUES (8, 3);
INSERT INTO bandedessinee_tag (bandedessinee_id, tag_id) VALUES (11, 3);
INSERT INTO bandedessinee_tag (bandedessinee_id, tag_id) VALUES (12, 2);


--
-- TOC entry 2395 (class 0 OID 18434)
-- Dependencies: 188
-- Data for Name: bds_drawers; Type: TABLE DATA; Schema: public; Owner: postgres
--

INSERT INTO bds_drawers (bandedessinee_id, dtbuser_id) VALUES (1, 5);
INSERT INTO bds_drawers (bandedessinee_id, dtbuser_id) VALUES (1, 6);
INSERT INTO bds_drawers (bandedessinee_id, dtbuser_id) VALUES (2, 5);


--
-- TOC entry 2394 (class 0 OID 18427)
-- Dependencies: 187
-- Data for Name: bds_scenarists; Type: TABLE DATA; Schema: public; Owner: postgres
--

INSERT INTO bds_scenarists (bandedessinee_id, dtbuser_id) VALUES (1, 1);
INSERT INTO bds_scenarists (bandedessinee_id, dtbuser_id) VALUES (2, 6);
INSERT INTO bds_scenarists (bandedessinee_id, dtbuser_id) VALUES (1, 5);
INSERT INTO bds_scenarists (bandedessinee_id, dtbuser_id) VALUES (11, 9);


--
-- TOC entry 2396 (class 0 OID 18441)
-- Dependencies: 189
-- Data for Name: candidature; Type: TABLE DATA; Schema: public; Owner: postgres
--

INSERT INTO candidature (id, user_id, bd_id, coverletter, type) VALUES (7, 6, 2, 'Mais je veux aussi être dessinateur', 'drawer');
INSERT INTO candidature (id, user_id, bd_id, coverletter, type) VALUES (8, 6, 3, 'Je suis fort', 'drawer');


--
-- TOC entry 2411 (class 0 OID 0)
-- Dependencies: 173
-- Name: candidature_id_seq; Type: SEQUENCE SET; Schema: public; Owner: postgres
--

SELECT pg_catalog.setval('candidature_id_seq', 9, true);


--
-- TOC entry 2412 (class 0 OID 0)
-- Dependencies: 174
-- Name: categorie_id_seq; Type: SEQUENCE SET; Schema: public; Owner: postgres
--

SELECT pg_catalog.setval('categorie_id_seq', 1, false);


--
-- TOC entry 2413 (class 0 OID 0)
-- Dependencies: 170
-- Name: dtbuser_id_seq; Type: SEQUENCE SET; Schema: public; Owner: postgres
--

SELECT pg_catalog.setval('dtbuser_id_seq', 9, true);


--
-- TOC entry 2398 (class 0 OID 18459)
-- Dependencies: 191
-- Data for Name: forum; Type: TABLE DATA; Schema: public; Owner: postgres
--

INSERT INTO forum (id, name, description, bandedessinee_id) VALUES (1, 'Scénario', 'Discussion sur le scénario de la bande dessinée', 1);
INSERT INTO forum (id, name, description, bandedessinee_id) VALUES (2, 'Planches', 'Discussion sur les planches de la bande dessinée', 1);
INSERT INTO forum (id, name, description, bandedessinee_id) VALUES (9, 'Planches', 'Discussion sur les planches de la bande dessinée', 11);
INSERT INTO forum (id, name, description, bandedessinee_id) VALUES (10, 'Scénario', 'Discussion sur le scénario de la bande dessinée.', 11);
INSERT INTO forum (id, name, description, bandedessinee_id) VALUES (11, 'Présentation des membres', 'Présentation des divers membres de la bande dessinée.', 11);
INSERT INTO forum (id, name, description, bandedessinee_id) VALUES (12, 'Général', 'Discussion générale sur la bande dessinée.', 11);
INSERT INTO forum (id, name, description, bandedessinee_id) VALUES (13, 'Planches', 'Discussion sur les planches de la bande dessinée', 12);
INSERT INTO forum (id, name, description, bandedessinee_id) VALUES (14, 'Scénario', 'Discussion sur le scénario de la bande dessinée.', 12);
INSERT INTO forum (id, name, description, bandedessinee_id) VALUES (15, 'Présentation des membres', 'Présentation des divers membres de la bande dessinée.', 12);
INSERT INTO forum (id, name, description, bandedessinee_id) VALUES (16, 'Général', 'Discussion générale sur la bande dessinée.', 12);


--
-- TOC entry 2414 (class 0 OID 0)
-- Dependencies: 175
-- Name: forum_id_seq; Type: SEQUENCE SET; Schema: public; Owner: postgres
--

SELECT pg_catalog.setval('forum_id_seq', 16, true);


--
-- TOC entry 2401 (class 0 OID 18486)
-- Dependencies: 194
-- Data for Name: planche; Type: TABLE DATA; Schema: public; Owner: postgres
--

INSERT INTO planche (id, page, bandedessinee_id) VALUES (1, 1, 1);
INSERT INTO planche (id, page, bandedessinee_id) VALUES (2, 1, 2);
INSERT INTO planche (id, page, bandedessinee_id) VALUES (3, 2, 1);
INSERT INTO planche (id, page, bandedessinee_id) VALUES (4, 3, 1);
INSERT INTO planche (id, page, bandedessinee_id) VALUES (5, 4, 1);
INSERT INTO planche (id, page, bandedessinee_id) VALUES (6, 5, 1);
INSERT INTO planche (id, page, bandedessinee_id) VALUES (7, 6, 1);
INSERT INTO planche (id, page, bandedessinee_id) VALUES (8, 7, 1);
INSERT INTO planche (id, page, bandedessinee_id) VALUES (9, 8, 1);
INSERT INTO planche (id, page, bandedessinee_id) VALUES (10, 1, 3);
INSERT INTO planche (id, page, bandedessinee_id) VALUES (11, 1, 11);
INSERT INTO planche (id, page, bandedessinee_id) VALUES (12, 2, 11);
INSERT INTO planche (id, page, bandedessinee_id) VALUES (13, 1, 12);


--
-- TOC entry 2399 (class 0 OID 18468)
-- Dependencies: 192
-- Data for Name: image; Type: TABLE DATA; Schema: public; Owner: postgres
--

INSERT INTO image (id, planche_id, title, posx, posy, width, height, content) VALUES (8, 3, NULL, 6, 10, 440, 420, NULL);
INSERT INTO image (id, planche_id, title, posx, posy, width, height, content) VALUES (9, 3, NULL, 159, 280, 420, 310, NULL);
INSERT INTO image (id, planche_id, title, posx, posy, width, height, content) VALUES (7, 3, NULL, 469, 10, 120, 120, NULL);
INSERT INTO image (id, planche_id, title, posx, posy, width, height, content) VALUES (5, 2, 'test', 10, 240, 290, 350, NULL);
INSERT INTO image (id, planche_id, title, posx, posy, width, height, content) VALUES (14, 12, NULL, 10, 325, 580, 260, NULL);
INSERT INTO image (id, planche_id, title, posx, posy, width, height, content) VALUES (15, 13, NULL, 10, 10, 580, 590, NULL);
INSERT INTO image (id, planche_id, title, posx, posy, width, height, content) VALUES (4, 2, 'test', 314, 239, 280, 350, NULL);
INSERT INTO image (id, planche_id, title, posx, posy, width, height, content) VALUES (6, 2, 'test', 14, 9, 580, 220, NULL);
INSERT INTO image (id, planche_id, title, posx, posy, width, height, content) VALUES (3, 1, 'test', 14, 5, 580, 320, NULL);
INSERT INTO image (id, planche_id, title, posx, posy, width, height, content) VALUES (1, 1, 'test', 16, 334, 580, 260, 'data:image/png;base64,iVBORw0KGgoAAAANSUhEUgAAA1IAAAKACAYAAACWp0mXAAAgAElEQVR4nOy9eZhU1bW//4otoLTaIiICajOoTCrIIMpgK6howC6qMYFAQps4EIfQKE1VriSUmmgSNBqNkoQgJMaYX1AxQa8D3ysYMxmjGKG7jSaBG++NyTUGEzNP5/fHqkoX1TWcYZ+z96na7/PUo3RXnbO76tQ++7PXWp8FFovFYrEEZ6ruAVgsirgNeEj3IBTi6B6AxWKxWCwWi6U4g4A3dA/CYlHA1cCLwCG6B6IQK6QsFovFYrFYDGUh8IDuQURAAqjTPQhLaMwF9gFjdQ9EMVZIWSwWi8VisRjKOmCZ7kFEwH3AFmCk7oFYlDMWEVFzdQ8kBKyQslgsFovFYjGULmCU7kFEQB1wC/A6sBNIYyNU1cAhSDrf1boHEhJWSFksFovFYrEYSi0u1KYDW4HNWDEVdx5CDCaqlVr8flosFovFYrHEglpdqNUhQsqKqfjSBjypexAhU6vfT4vFUiMsA9YgaSKNeodisVgsnqijthdqVkzFl5OAfwAn6x5IyNTy99NisdQAOSG1Dil23QLM1joii8VicUdORNQydcA2ZB63+EPHPW8rsErDeaPGCimLxVIzNCCpBq8BuxCR1VfriCwWi6U0DjYSA9JL63XsJpgfEohhSZRcBWyP+Jy6sELKYrHUJHOBx5Eo1VrkRm2xWCwmYRdp3cxGxJSdq91ThzggtkZ4zuHAn4GJEZ5TJ/Y7arFYappRwEbgHeB27E3aYj7LkJo/S3XTCnyf7vRkm9om78E2bJTODbrqyx4Gro/wfLqxQspisViQJpBWUFniwDIkVSeheyCW0BgKvIFs9OSElF2wdddL2Y2E8oxE6oGjFlGXAd+J8HwmYL+XFovFkocVVJY4kEDq/Oz1WZ08Dqws+JldsAk5kTlJ90AMoy+wGknlex1pbhyliBoK/A6YGuE5TcB+Ly0Wi6UIUQmqJkXHqQcWKjqWJR6sQ67PtYiRiqV6KGYyYRds3SQQ06B63QMxhKlIlPo+pJmxDr4O3KDp3Dqx30uLxWIpQ9iCSsUkvBDZgVyn4FiWeDESWI98/ks0j8WihpHI55lPrfeTKsY65NqvNRoQ442VSMrnemAPYqCki6XADzWeXyf2e2mxWCwuyBdUa1Fnmx5kEh6F1As8T+2lU1j2ZxJiTPAsME7zWCzBWI1s2uRj+0n1pB6JwizQPRCXJHC/EVdHt1DKPTYjUbg3kR5Nt9DdbF5nRPro7JhmahyDTqyQslgsFg+MRG5ozyM54UFx8B7lGoSIuTeRQnTrYGXJcSlSP3IXcq1a4sdO9k/PGoTtJ1WK8cg8qGIuDptbcJfZkHPbe5xuEbUaEWIm/p33IX9brWKFlMVSw9gJwD8rkfSbpoDHWY/7tMF6REC9k33dgIDntlQnDch18jqyKF+tdzgWj+TPy7nF90ZNY4kDK5Hmr3GoEyyWKj6S/aNPjxO9255f3ovMMbWMXUdZLDWMnQCCMRvZ/b864HFGIhGE3IKpWGpWrg5qIzbSYHHPdKR+YrzugVhckV8LlauVst/3ytxFd52gw/4pcSY+Pgu8DPwTmfc35P1uJfEQUUcAvwRm6R6IZuw6ymKpYewEEJxGZEduI8HrpgYhN9J9SA+QJmwdlCU4N2UfUVJYEG8dJd2RXwtVrFbKUppJwE+APwN3o18sVXqsRr4X+bW3cYiq5dgA3Kp7EAZg11EWSw1jJwA11CN54qrqpvoC1wJvA39H3KnisENpMZPxSJF6WNfQAGAOIppKFcRbIeWOXC3UUMRIQZeVdVz5HjJfvoGI0LgIk7i5by4AOnQPwhDsOspiqWHsBKAWVXVTuWLjR4APIRGv1xAjAVVugeWYHdF5LNGRi3QEEVN1iChbguyeP44IptcR0XQT5hbEx4GT6BagbyLpahZv5O5pDYigioswyREH981+wF7gAs3jMAW7jrJYapg4TwBNugdQgqB1UzkRVbjonYMUVL9B+Ha3tyPizdZmVA+lrqtS9EVSSVci0dadSPrR88jOeRvyHYzLjr+JNCDCNIFE7X6H1Jy0Yjcy/HB/9pFPHIRJMUx231wH3Kl7EAYR53WUxWIJwArgCd2DCIDJk1cj3XVTXiMAD1B+sTs++/s3EcEz1cc53NCK3MhtSlb1UE5MDUIW9GuRhec+RLivRdJ44rQINYVByEJ+ASI8b0dqH3ci7+8e5D3eiNTL2FS+YJS7J+SESZzS/QrdN9PoT/FuRrIjemsehykcgaTgWyyWGmMsctMZq3sgATBZSIHUTT2OtyL/nEuXm5vlSKT+5Hm6zSmWIeYUqhgH7EJ2IKPeIX8CEfsWteTE1DbgSiTa9Bpy3W1GFvyT0L9gM52+yHdwNrLpsAYRRNuQ9/Od7H9zQmlN9nlNyEZLMUyf00yn0vsX13Q/EIG9Fb226L2Ra7pZ0/lNZDzwY92DsFgs0VMNi9Q4LDoakBvPApfP9+vS1YBEjtYhu9x7kMXbQrw3+y2kPnusqFP9qkHsm0I9khq6BhH3+7KPV4HFlF7YW2QzYSXyvcw14n4DiQg/j2xg3J59zgIkQuz3OxeHOc1k3L5/cU33y22CbCH4vO6HO5F7jKWbixCBa+lJk+4BWCxhcQmwQ/cgFBCXRcc4ZOHl5oa9EzWpPY1IdOoBZMG8E0kRmYMsqv3QSvSpfnFPP9XFSGTHfR3daWRbEaHehFwDuhdlptIXmEt35OI1RChdikSfRhFOdLYVWdxb/OP1npBfhxSX70Adcm2+k/1vVD2nLkAMJvpFcK44cQ3wOd2DMJS4rNEsFk/0QqIVZ+seiALi9CVdgCzIyuXmtxLeQmoSkl+/je7alzV4XzzkUv3W41+QeaUaoqdhUke3KcQWZGHYhUQRL6W8gM9flN1OfBaTqmlENh5y0bptSIpjVBHYocjnpiott5jpQrWzALE+90oDMp/F7TswEtkYeZxoNkM6cJ9ZUUusBdp1D8JA6pG51GKpOjLAJs1jUEWchBRIrdTjFN89VL2QKkdfZGc91wTS6+KhHrlxf9/j6/xiU/z2Jyec0nQv/L+P1Msl8FdIP5L9r4dGFQM1mDok8nsLsjHwBrKYXkDwDQI/89LjiBBWSU5MnQv0UXxsE/kewRb6hd+BuAiqKDZDbkWa71p68g3gPboHYSC59FmLpaoYhtzkh+keiCLiJqTqKG4+kfu56oWUG/wuHuqQdJg9RCP+ajnFr5xwCpKqCXAcYredYyTyuebMS2YHOLZpDEDSHe+j+z1cg9zwVeJ1XvJiMOOVm4BnkDE9k/33gBDOYwKq7gdxFVT5416LuutpFjJHHKHoeNXGD5D5uVpZ4/OxBakh9ft6t48vlvi5xRIKm5CIVLXgED9nsULzCa+9fcLC7+JhJVJ03xTOsPajVlL8whROhSSAR4v8vAFJbXsNidgsI359jUYhtU6rEVOBfcj3rJVwF8deF/R+DWa80AeJTN2OfMdTIZ9PB6o31uIsqFS6++0E3qvgONXKG8Bg3YMIEb8C57vI/SssAfVtZO3xZvb/C3//BeBHwET1b4mlVjkbiR70iuBck3H3RQAxLjgFfxP+ZiQdJ27kzCdOxQwRlY+fxcMCZJEatp1wtab4RSmcCrkx+yjH3Lxx3UX57/RKRJyNIxrh1YC8d63I+7UFEX7vZP+7GYnCzCaa75if2iRVBjNuGQd8HXFsfH+E5w2bsDIU4iio8o1kgtT53YJEcC3F6Qv8RfcgDGUrcv9STSMSXf8SstYsx+XIvHB5COOw1CA7ELe+sJgM3IwUuXdRfIeg8HEDMtl3IBd7R/bfN7g8Z19kp3mtqj8iQhYgN+ZHMEdE5eN18TAVEYdhh9SrIcVPp3Aq5FFE+LhhFBI9Kfedvglxisz1NnsdMW5YV+F1Xh7rkO/9m8g1tz37szZE9EVp0V+In8V8WAKgEuciC5Jnsv8fd8J+H+MmqOqQOSXXzHc13uonZyLfsaPVD61qOAnZkLD0ZA/qvyPnImmmXiLqE5HI1BcUj8VSY1wOPB3SsfPF081U3iEoRR0SmVqIt5BsPXKTaPN5Xl20Av+D+aKgMO++XJRhJN1ucWGKw7il+JkknAr5JVInFRYDkL99CeqE1BKkrsmPqUaY+HXK0yWkcrwfWQx+nXj1VCokqvcxboIKJOK5Hm+NiH8ILA1tRNXBuchGkWV/EkhauEquQr5zSZ+vr0UnU4siDgd+DUwL4diTkYWzX/FUDi8h2UHZccSlU33OoW8sspt+td7huGIkEmmo1JS3AYkWbCc8gRCHFL8GzBRO+RQaTViC4Xchr1tI5UjRLQ7ixnBEJERJHAWV20bENyDC2lKeS7FuhsXYiWwWq+IO4EXg5IDHeRmYEXw4llrjzuwjDG7OPsLCS0g253zlNk1JF4OQHaycQ18jIqoaNY3HK61Ubspbh+TVdxHe32Vqil9fJDq6D1lkmSScCillNGHxhx9B1IpZFsEDkMjFs+hNkfTKIuBBFQfKJNoadidTGzubU3s6kymnszm1p3PeqtszibZSEdA4CqpcI+Lb6Zk9MBX4HbLhZynPjcDHdA/CMHLRKBVZKQOAxxBRr6Lm9iNIGrjF4pppSDTq8JCOH1Y0qpB7gaeobNs7Crk5RFm47ZY6JDXuHWShkj/JXI1EcOJCrinvOspPljchn4dqe+kcpqX4LURuINuB8ZrH4gY3RhMWd/hJG4myd5xXcm6cc3UPxCV3oKApaiaRbtzZvHxfZzLl9Hg0p/Z0JNrLfa/jJqgaEDOKQrOj7wCXaRlR/PgyaiMv1YCqaNQZSMpxYbuYIBwPvE00pmuWKuFpwnMr8dtF3i83ImYUlRao0zFvcZJzUNpK6V3euKT45ajHneNgKxKdCSNSaEqKXxNirrCLcFyKwsKL0YSlNLkUZ6/o6h3nlrmImDJ5jDl+gJgjBKKzObW9qIjKPnY2L99XQUxBz7pSUyPS0NPd73rgYa0jihc7EEdki6AqGvV+5N4ehqvoo8DiEI5rqULCFjpBu8j74Qok5eBdFZ6XQNL8TEhNcdsnqpF4pfiB+79tNiKmwhCKOlP8RiELkDcQwWii+2I5wjaaqBX8pjg7mHnN5Bt7fBb4b+AF1JmFFLPMDzJX90bey94BjkFmQbqpnIjyKKZA/qb7EPeypiBjC5mcu9+vgX8Cn8bM69JEfo7U51kEFdGom5BI1BmBR1OcxdiUdotLwhQ6UUej8nkXIqauqPC8Jcgusc70iqEUT50oRdxS/MB9v5JRiLgtlpMflKhT/AYhaY1vIgvBuDWqBWs0oRK/Kc6mmEwU4tBT7LyACKrPFvld0Mdd7G/R7VVUzUQiUoHYnby2zY2QyompTCLd6PLQc5G/7y7Mjk5tBz6DZE7kN1K1lOafWNGZI2g0qi9SC/UYlcs4gtALSe87PsRzWKqAaoxG5TMeSfOrVN/Rhtyco7x51SE3zq3IQnst3iaWuKX4Qc9+JctKPG8QkgK3GbXiI6oUv77IwmIfIqRMr4EohzWaUEMG+a77wTQhNRKJDpUaV9h1U9ORjZbcPHIL+wuuNMUj9u1IjVQgvAipzmTK6WxZ5SUttgFJ9zM1OrWK7uu4Dvms12DeNWoSxxG9U6TJBIlGnYy48gX+HrtkHWI8YbGUJEyhY8pO9gDEgOLeCs9bizhQhR01GISEpF9HXLhafZ6zkfil+OUznfKTaT2S7rITtX9jmCl+dXS7XFWKvMUFazQRnHnIXDjY5+ub1A3FNcvoGRG6Bfk+5qIm5aIQUdVNTadn8+d1yCbGFiRdOMeDiGtfINym9uUeG5LpjI/TmBidOhn4B9JctpCmaIcSK2YgxhyWYNGoJFJPeJXSEZVnBmKFbrEU5UJk1z8sTNvJdrNjth736XVeGYTsor6D7DiqaGiZS/Gr5pSBZciCTKU5QxgpfnMRE4nvU12LCms0EYzBiIiap3sgHikmpFbjzel0JLI5tV756CrTgGQavIZ8L5chjc2V1Kl0JtI73AqpjpbUI5lEunF3MrWxmMNfGct006JTT6K3of1/IhGxuLEY2+A1h99oVAqZR89VOhp3vEW4KYSWGPNNZPc8LEzbyXYjpOoQYfKAwvMWCijVUYptSCpLNTMJ2Z1dgxrRqDLFbzxyzbxG+Z5ZccUaTQRjK5LWV8vo7jc1F8lK+BeSeRA41TaTSDd2JlNvuxFSu1tWvFXxec2pPWVqqUyITt2L2vuiH0YCfwJO1zwOr/wHEs2tdfxGo74EPIO+7JvnkJ5pFst+jAf+N+RzmLaT7TaHux4pCg868dXT3Q8qDAGVI9djJqweTKYwABGNj6Nmdyhoil8jknq4D9mlrcao4MnAT3UPIsb46RlVrejuN3VM9vzK+jd5TfFzIabKGQjpjE7dDTwS8TlLcSkKDEMi5vOUrgeuJfxEo24AvqV+KJ64HzEls1j2Yx3hd9k2bSfbSzHsIESc+J38FiI7iGEKqHxyOz2m5NKHRR1SX7YHNcLRz0J3JLII24eI7WIpOdXCdcA9ugcRU6yI6onOflOj6O7hVdgQdzY+v8dKhVQy5WQWpJsqnDLq6NRtSEqfSXwV+FRIxy7mFgki4OYgWQyHezzm40gpRS2zECkl8bLhOB/4BXB0KCNyzw3Zh8XybwYiomJgiOcwxWgiH6+uQuPw3iB2FBI1eZ7oQ8Hr0FOLoIO5iNBVkZrqZsE7AIk6PZs97+3E1+TDC09iVlQ5LlgRVRpddVNTkfrFwrHcRLdz6mtIjWyx/lX7bdxkEunGl+evaO5Kpv5PpZByaUwRVXTq40hK1cEhnsMP/ZF6twtCOHYxIZVB0sueQFyAf5d9dGR/9qXscxYCp9BTLHSgvxm8ThqQa9XLmmgY8BvMaFy/BDufWwr4GLLoDhPTjCb8pnHlGsRWmgDqkejEm0gUS0eaVy4lUafdfJSMRFIFNhLcabHYwrcemUC3IdfARuR6qMYUvmIcgmw+HKJ7IDHDiih3RF03NQeJDJRjKHLvWj3m0P4bzxo04vH3HD+u6+Jhp719wmFHOQP69nPmH3+yc+uUi5zn5rUpjUT5dPgLMzp1PfBDRLSYSBIRvrpE3uGIOJqDbOjdgIjwDmTe7Mj++wbgL0jT2Fq5dxRyO97XnCbVfk9F6qQsln/zv0iNVJiYZDQR1FhgCRKFKHXDz6XxrUe/s8t4RMwN1TyOqKhHBI4Ki/T7kSZ/CaSoOmefvIB4NtINSgLzUnpM5gCsiPJKlHVTCylhlpCLLnXOW3V7Z3NqeymRs/2CK50bT5vjnDfkJOfQg/o4px051PnwmBnOXVOTzsOzLlEirjoS7V7vzWFEp65FnA792vVHxZ2YmYVRh0SmFiJ10n+huMBaAJyoaYxRkTOK8pI6uxa5F5vCAMS5z2IBZOfkmxGcxySjCRVW16uRaE9+cbLONL5yrERc5GqJoBbpTcgN+S90pwxWc+2TG+5BaqQslTkdaRL5ed0DMZ1MIt3YNf/is7rmr1jaNXjmmptOm/N94G/Lh079UxgRntxjzYTznPcMm6DseLvmtzubZixyPjxmhjP/+JOdKUcd5ww55HDn0IP6OKMOH+jMGnyC8/6Rk5yrRk93/Xjf8afuoXhqmZvH/Ui62XPAJ/J+7tVJ9ErEYGZEoA86On6M2IubyiTghez/5wusG5GNup8Bf0B6en4e6ZE0g+q4/9Qh6bRejBoWA68Ah4UyIv90AZN1D8JiBs8TTdGjKUYTC5AJSgW5VJQBSF69zjS+SrxG+FFH0/BqkT4e2fl6HYlotSGRPBtVEH6KuPZZynMN8DfgA7oHYgoilC4+q2vwzDW5KM/ulpU7S4mSJ8673DntyKHOgsZTnUfPvTQUIbVi7FnOZSdNDU2o5T+2zVnmbJqxyPnExAtdi6ilx5+xr9/B/W7Hv5DKb5icS0X2KqQuQTJWVPQ4jIomJFowRPM4SpEEHq7wnAZEPF2FiKnvIeLqZ4jYuhFJDYwby5DNZreMBf4IzAxnOIG4OfuwWDwbLvjBJKOJ76GuZqgOeAmZ4O5GfxpfOW7KPoLclEu5F5lMJYv0kXRHF19D3qNiKZtWTEUzV8SZesT+/jvEa+EJ5EeGRPB0DZ65ZncytbGzObW9XHpbmI8Pnni6c0Tvg52zjxnp3Dl1vtJjX3bSVGfF2LMi/5sqPTqS6b27Eqk7SjTk9Ut+7ZTbjb6FiCCJ4677GuAh3YMowQrgDp+vPRFZv3wCibztBT6HGQYMlcg5H4/y8JrvAh8OZziBmUy366elxolicWSK0YTKaFQTstO3FXgZKZ40mUXAX5HJt5aEFPS0SB9Et+Pe68hn5yYVs9bFlBVSpTkH+AnwGd0DKcREgeT18YmJFzoTBwx1jq8/wmkbe5bz7QuvDnzM9wyb4KyZcJ72vy332JVMPRjypdCARDM2U1lMNSONbk2MBLhlOxIdNo07CF5akGMMsAr4NvA2YgP/HqCfouOr5D7kPuyWu5GmzyZj0/ssQDSLI1OMJlREo0Yh4ul5ugt5ByGLdB29UNxwOfI5P4P0SVmLmemHYVKPFCL/FXkP1uPPca9WxZTKTYhqI42kTnmtPfFFJtHWkBNGL89f0ZwTR/82RqiQNhfnxwNN73MubjzVOfCAXs5Fx411Ns1Y5PtYFw4d7dw65SLtf9N+j5ZVYdcR1yFCqpyYOg+5X5wX8ljC5mTk7zAtHflhJL1PNYOBK5D1iZP97xWYYRAyG8n4cGvSdBmyUW36OsWm91mAaISUCUYTn0R24/wyCLHrfI3ihZKjkBop06zGvwD8CJiY/fdIZILdrG1E0dEX+Ty2IAvdB4APIVG5+9jfKMQLtSimVKbEVgtHI4uiJ5EeJ8rIJNoaslGjPdoX9wY+npvX5qROOcc58bCjnHFHHON8bPx5zs7m6zwdY/rRw50vTrtY+99S+OgaPDPsSH85MTUTiUQ1hzyGqLgG84yWXkBN8/hy9EMiU19FIlXfRiJXY0I+bzH6IpEbt+mHk5B1adjvkQpsep8FiEZI6TaaaEUudj8553VICtseZOe53I7KdGTBPt3HecKgVK+sOmS3R7e4DYM6ZPfrPuSzeBwRvvk9VeoRUfwm8tn6uS5qSUzZaFRP5iENQL2kqriiI9E+fmfz8n26F/RxeXxx2sXO+UNGOYfU9XaWjJjoPDzrElevO7X/YOeBpveFL4zmp17y/Lrm1HbFNVKFFBNTk5GaqEgiqxHyEGalob8JHBXxOecgtVR7kY3ETxBdStpqSrQZKEJubXJZeMNRjk15t0RyEei80KZmz+/HjrwRSeF7APdGEguQBbyXgsowqNQrK4FMWG5xqFwrdS7Qx89gFTAdKaR+E6l9Wkblz2wkspB4A6mZ8tobqlbElI1G7c9NiIiaF8bBqzUtL+zHtjnLnCtHT3OOPvhQ58yBjc7ayfPKPn/4oUcqdwTsSKb3drSkHtmdvLYtsyDdlPtMOxPpTV6PtbN5+b78Y4RAvpg6FXHnuyTE8+liCCIQmzSPA+BQxJxKJ2cg6Whd2cfNhCeqRiL3V7d9LO9FaqPihBVSlqoWUg3IRNHq47UJZAJY5uO1bUgEy2/qmArc9MryEpGqZDpxE1KDlavFuonwRdX47HlyduVp/DUeHo+kf7yGXCte8rJrQUzZG4UwDEnjexhJ61NOZkG6SbcgqYbH2snznDMHNjpHH3yoc+Xoac62Oct6PGdA337eTSsS6R27Eqk7OltWJTKJdKPrzzXR1tCZTL3t528JOdWvDonavwNcHeJ5dLMYicToZizSgNcUJtNTVKmyje+LOOa2uXz+hxGXPhMZQ+m1T6VNZhMelpCpZiG1BamN8kId4uIWtO/S7Ug0q77SE0OgVEpfFPRBIlN3I32HLlJwzL5IdLAJSTtZDeyi265cVfSvCRFkXtMeq11MRfn9NXXSX4hEmtNhnmRDMp3RLUKq6fHwrEucJSMmOofU9XbOHzJqv5qoPgfWla2rKhVd8svu5LVtvv+W8FL9BgO7EZHhxs0vzqxHDId0ciEiXE1kMnAbMt/fRjBBNQ65j96Hu2tqJtIvqlQGjS4WIWupN5C2FlZIWYpSrULKz+K2ke5UvqACKJc28TjR3pwqpfRFyUWImPoh3V/m/Mm5UCC1IQ0kNyIRoi5k8fo68rlsRW6Gq/GXqumWBYhI2477dJBqFlNRfn9NjH59BrE2PyfsE9WqkOqan3opF+3ZkExnMgvSTR2JdpUNxPsiRjM/RNpVfBRJ94oUX/VS2UcIqX79kffjety5+cWdg5F5PQzHPLcsQxrsmswQggmqq5EU+2KmXMU4DHgFiRqaQB/gU4h4egIRU+Uw8Z5liRiH8DuAR32h+VnUBknlK0U9Uq+zXuExK+EmpS9KjkPC+88iO58OsoD5HT0F0hrgUqR55CT8pempoi47ljeQyKabRV01iqmojSZMuimNQ3Yh7yOiyHIVp/a93ZlI7+hoST2yIZnOdCTSrZkF6SYv6XEKaULmyX8BXyTcTZn96Ei0j+/0meL3b9GpJtXvYCQF++N5P6sFMXUBUt/YX9P5bwH+Q9O5veJVUA1A7uXfRzZI3fJ1pCWLCeQ2f+/GvcOhSfcsiyZyX5TvUTokGFRoRXmh+VnMriV4Kl8pBiCRldUhHLsQk9zV6pD39R1kIZoTSBcgi5fCa85U+iLpXG8ikbKRFZ5fbWIqaqMJU25KHwD+hoaGnkGiFoEfifSO7GPThmQ6k4sOaRQ9YXEpknnwEeBVxB46EqOFTKKtoTOR3hHoc2pObe+av2JpgHS/J5F7fyG1IKY+hdiC6+B+zIm8uMWNoJqDbIzehLfrJo1stOqmD/7LEUy5Z1k0M4TSuZUqcmajutAyyI6IF64m/FqmnHNNa4jnALPc1TYjn0Up4VF4zZk09mI0ILuJ+5D6t3LRsmoRU7ch1sFRYsJN6fPAi8DpOk7ekWgf35FM77UCKVTWAqm8f88HvoVsmHwKfy0RPKEqjXN3y//nyCwAACAASURBVMqdXYNnrvGQCvkI5Z3RakFM/QAR01HzHWCGhvOqoJigytWU78F725c5wG9Q3IPPB/lRKD8GWSbcsywxoPALtARJh3BrCR7FhTYP6VflpYv3OOTG2RjGgAqYiizCZ4d0/MuBp0M6tlcSSITPy004F00LO800KIOQG8c7yI52qcVL3MXU1YiYOCTi8/4QiVzqIve5HaBxDGQSbQ27Eqk7SgmqXE1Rfl3RhmQ609myKtEtkELtQxR3vklxQ5lRwGeR9OPQo5HZVM5AqX75j53Ny/ftTqY2lvnsH0AspiuRL6aqkdORxsOVMgxU8zp6e2qqIH89+BPku+R1rjka+AWygaETFaZYVkhZPDEEuAFZaDyH3Gzeyv7//dnfFVsIh32hDUZElJe+Ln0RVxm3BZEqmIuIqXGKj3s48GtgWpnnRPFlX4ZEl/xazuenmZrOACRd8w3ElKLYoiyuYip3neowLLkEeEzDeSG+n5fFO69QvgZiEnIdPoekI4eGklS/IoKqs2VV4Zz0GbxFmKu5cTvAKuA/IzxfHfDPCM8XJnXAo4gI+Rnehci3kPWiTiYja5WgbVqskLIEZgASbVlC6TRAlRfaocgu0jTEfedDSApZxuNxbsd9t22VLMNbgzo33EllW9cohdRq/KeE5FL+covaqLqv+6UvkiKyC5mUl7F/Y9+4Lc7HIiJKZ1RoDzAl4nPG7XOy+OdAZD480MVzFyK77vcDJ4Q5qDAcGzuS7Vuy0akPAy8gJhNe8Nq4PW7swH1tXH4q+kIf5xoO/NzH60yiAcmq2UJ36qeX1LgBwFO4i4qGzc3ZR1CskLIoJz/smzMT8OOznwHWIc0vv4t8Ud/JPn6a/dnD2edkPI5xDrJY05X6cguy6FZRlzUNiUYdXuF5cfyyFzYKNJ25SOHsG8g1nGvIHJdF+iFIOp/uxpyrgE0Rni8un49FDWOQiJQXVgP/QHbRQ0v7VJ3q15lMOWtPOfcPwO+B0T6HVc1RqbORtUAvF8/NX8f4EVJnI8ItblyNiKbXkFKIrfTcLC1m1lA4r45HmhHfGPJ43dKFmo3aOK6tLDEh30zAj5ACiTYlEbEwEolGBWUAkqfstTBSNfchKWFBi3mfRuqjKhHnL/tk4rXYHY98vu8gQn8U8Rj/QxR38oqaeuAPRFOErOxzySTSjS/PX9Fsa5OMJ4HUdXilERH4Pwfep3A8+6Ey1W/LrEucfnW9nS9Ouzg/OuWVao9KbaLyZmyu7jcIrcCXAx4jakYi66UE7rJoctGpV9k/4+ddSMuTK1QPMACq1kRxXltZYoRJF9rjiEWnbuqQ8Pi6AMdYgfRDcYNJn4FfTHf2K2QQ4g62D/ms/x/miinThN5awu8tEuhvziTSjV3zVyzdnUxt7GxO7cl3UbNiymhSBLu2ZiPua08BZyoZURGCpvo9N6/NOeGwo5w1E86rVDvlhmqOSg1D7o/lNm52Etx192OYE41xy2qkDMILDyBCKhedugIRUe9SO7TAWCFliRWmXGjTkTC+KZauuYa9aR+vHYu8r24NAUz5DIJgUp8sL9QDbci191tkEWbKNQjmiSiQRc0fCK8tga+/OZNINxYKp1LF/h7sqC3Rci9qrK+XAb8C7gEGKjheD4Kk+jUNGuFcdtLUSrVTbqn2qFSG0unEflxoi7EBPZbrfqlDan+9ZO/kz6sXIfe73xJ9zasbrJCyxApTLrTNwErdgyhgEJKr69U98AkkIuUWUz6DoMQtKpVPHTL2t4A/IuJKd+TCRBGVYxNSL6Uaz3/zvwWUR+e0jkS6NYTxW4LxXdT18ukH3IrUIF2r6Jj7kU312+RFUL13+GnOhUNHu7g+PYn9ao5K9UI2us4u8jsV0SiQ+tlzFRwnCvzY3xfOq/ciWRgbCG4xHgZWSFlihQkX2lCkZkX3wrUYo5A85CaXz78DeNDjOV4CzvH4GhPJRaVMd/OrxFPIZ55r8DuV6KNUOftXU5mCLG5U4klE+RFQhY+uwTPXVD6TJUJ+g/oI0qlI+u6LhLhg7Ei0j9+QTGe65qdeKnW9tZ98tjO+/xBn1/xVLsW+azFV7VGpS+hpBlGPzNEq5uZXgZMUHCds/DRkzp9XiznzBW16GwZWSFlihQkX2i0Eq0cKm6mI21ulHlPtSFf23h6Pv4JondDCJG5ufqW4H+mncQvwfeSG/TiS6hmFsFJl/xomj+HenrgSrkVUZkG6qSPZvkVFwX9nMuVUaJJqiY6BiJAKixYkHeoblO9TFZhMoq2hI5Fu7WhJPZK7zm4/vdk5qm+98+T5V3iMnLoWU9UclYKeduiTkLlZBX9h/9YYJjKS/a3N3ZA/r5Zz5ivm7KcTK6QssUL3hdYXse1U3QhXNQkkSjGoxO8XZX8/3Mex+yOfQ39/QzOSuLn5FSN//PWINX9UwkqV/WuYzAV+qOA4n0QWCGXpmr9i6e6WlTtVCaj9xJQ1oTCBGUhqX9ikgD8jGxVeN70809myKvHAWRe/c1CvA52NMxZ6vjY9iKlqj0oV2qG3omYDdjCyUWoqK5HP9XXk/uNHRLl15jMlOmWFlCVW6L7QLkXyk+PAMor3mJqBvI9Bcvs34a2uKi5sQGzgh1R6oqGUEoNhCqs4CdC9wIkBXt+KfKeKiphMoq2ha/DMNZUMJFQ8rAmFdi4lumagQ4D1yOL0gyGfayDw2orRM1+M4Nqs9qjUJrrt0NcitaxBmYpkkphIzuLca0uYBN1/k1dnPhOiU1ZIWWKF7gstbhP/LezfY2o4MtEtCnjcc5BaqWrko0h/l2m6B+ITN8JGlbCKk4gC+Ar+3a6mIvPP1MJfZBJtDbuTqY07m5fvC1tA2ciUMaxFokVRchYyn2/P/n8YPIU0C6azZVWi06fTn0sxlYtKmeQ8qpJ8O/StyJwblPcg6Z4m4sfiHOR6fi+SxteBpPV5RWd0ygopS6zQeaG1IovOuE369yH9GHojuz7tio4bZ9e7SixBrjWvDoim4FXg+BFWcRNRICLqKz5e14BEoloLf9GRaB8ftYDKf+xKpO4I+J5Y/PFN9G2qfRDZEFuP2uj5Fymof80k2hrya6dCEFPbgGo2Uckg7+keSqfae6GdcPviLUM+Dz+P1/AejTof+DES3X0KMZjwi67olBVSllih60IbiuQlj9J0/iDUITs+ryAufaqIay8mt0xDIlMf1T0QnwQROuWE1SXA1wIcWycnIul9XtmC1EbtR0ci3apTRP374a8xqiUYrxCyCUQFeiN1U39GTWTseno6zf0bv9EpF2JqECIKZyv4G0ykF/DfwNuKjvc54BpFxypGECG12sf5tiFRKJVpsvnRqSMVHrcUVkhZYoWuC20r5vWN8sJZiNPP1YqPW81RKZDd3qeR2qlzMcdu1S2qokb1wNcRl7I/IYu3nLCKW53OXrzVSRU1l+gaPHONckGUSG/ys/u/s3n5vkwi3ajo/bFU5kDkXnSg7oEgYu4biMNfi89jLEYiJkPLPakj0T7ej5jqbE5Vaj0wm/LmSHHnDsSkSgVbMcOpTgUfAP5KcWe+oPRB3ve3getCOH4+VkhZYoWOC62VeKb05XMz8FnkZqVy97rao1I5bgKeQa6/Z7L/jouoUiGmcsfIOfPlR6xeyz5uwXtahw681Em1UmAukauHUi2g8oXQhmQ64/UYu1tWVrMDmmmMQSJSJnER0ntqC9KLyi3TkXnN1XfXr5hy0VB6DRKdiPN9thQ3IdkNSxUc68fEb/OqGO8C/oaUHYTJeOAhYDfw7pDOYYWUJVZEfaHFOaUvn5w99Sjk71G54K32qFQ+fZDIlG6XIK8EEVNuxPJ4JK0jZ3u7DtllNnFR5LZOqoe5RCbR1qDQ0vztQgGVT0ci3ep1wbohmc6oeIMsFUkgNVImci3we+BWoF+F5w5FIlGLvZzAl5iqHJWqo3rrpbYhUZGfKjjW28ARCo6jkyuAP6AuSueGeUj7i8eBMxQf2wopS6yI+kJ7nHin9EFPh70mZLGrShzWSlSqkPw8bNN7KAE8CHzGx+u8CuWRiM3vs8iN8j5k4WlKA0k3dVI9zCVUmUp0JNN7NyTTGTdue34WrJkF6aYA743FHSnCLfgPykDgHuBXSM1LKXYgtVGe8XNtuohKVWu91D4kin8/Pt/vLCcg9VZxJufM9yjqjK+88CFkM/mLVEhl9YAVUpZYEeWF1oAsBE3cVffCJnr2fFqILBRV5aQ/BvyHomPFiT5I2mRX9nEz5oqqPsiOnIpeJm4ZRHfvtX1I2tESevY2i5q9lK+T2s9cQoWpRNf81EsuFpI92J28ts3LeaReylqih8y9+LfRj5IzESe079BTnGxCFpO+8SymKkeloPrqpcbT3Xh4FFKrPNjnsVoRo584cijdznwzgLfQlx5/MHKv/htqzKSskLLEiigvtNlIYWec6Y+8Z/2L/C6N1H6pWNQ2IikHMxUcK65MpqeoMo0TkF3qpIZz1yMiagsiqrYhi1EdC6ZydVLtSCQaCG4q0dGSeiRolMizAUVzanuQ81kq8l2CNTSPmvchNTqbkLn6BmRBGxivYsrlZkI11UstA+7K+/enkNRnP3wJuDLwiKKnFfhfut+HLwIf0zaabk5EMiZ+RpHWFh6wQsoSK6K80FYiRaJxZgUFfUEKuIsijmQ+WQK8jBlOVrqZjLmT4izEdW+SxjH0RdL97kOivs8ikbKREZ2/VJ3URGTH+MSgphJd81MvqXLSyyTaGjqS6b1ezr87eW2Ukcda4zdI+lycOAARUP9EvnPKxp+t51MZlaqmeqmN7N+PsB74P2CKj2N14c1IRDcnI5vR30NKCgBGIM6vJkXNZyFprjuy/+8VK6QssSLKC20z+houquIlpEaqFHVI2oGqv3Md/nfbqg2TJ8VLgJ9gxmKwDon+rkNSenYixhVhCr1SdVLfAZYFNpVIpDepTq/L7vx7i4ZVboZq8YfJ3+1ynIOkMz2BfP8XqjqwF6HvMipVLfVSXfTcILoG79kuQ4jWnCEoGcTavNB6/LMU6clnCK1IdOo+vLXIsELKEiuivNBeQ10xog4KTSZK0Yqk+KngQCQqtaTSE2sA0yfFXPqMaUxHrNR3IUXBG5EFn+odzL3sf7O8EfhGUFOJMJ3zPNuiN6f22HqpUDD9u12MEcAvgYuz/74AeA6pbw28aRFCVAriXy9Vj6QxF+NFYL6HY70beCTwiMJnHrIG+BqSRprPMch355iIx+SVjyIbDjcj9VSVsELKEhuGIPUdUZBzHYszm+hpMlGMOuRm1aTovDOReqlGRceLK3GYFDdkH8UYQukO9lExFEnD24wsSJ5FXbQqv07qbODNr56xqC2AiHrbj5mEVzoT6R2eolLJdlWpu3EljO9hHL7b+RyIpFcVc6C9Bin8/2zQk4QQlYJ410tNBUrVK85HxJRb7sRsB+HByKbXTyjdGPqTKLjOImIoUsv1BuL0Vw4rpCyx4QKi2UGfhHx54hyNKmcyUYw21NVKgTj4PabweHEkLpNiYS3CEOA2ZPzfQ6+QyqcOEfuqolX5dVI/vvz4CQ/5TuVLpt6OKo0uk2hr6FRvO13NWCElTU8/V+b3DXQ7qg3we5KQolJ1yEbKZr/j0sjVwO1lfr8VEbJueAH1/Y9UcTXSu6ycwVIDUhs1IpIRqeMMxHzoh0i0rRhWSFliwypkgRcmDUiDwjkhnydsKplMFJJLQRincAybEDFVqSlktRKXSXEgsot4Ld0C6jZEUJlMqWjVdNz1rDoR2NunV697pg8Y/qpfESWmEtGmz2UWpJu8jHFn8/J9NVwvVetC6hbc1+Pkevz4vlZCikrVEa/3PMddlLfJn4IYT1Ryzj0C+KOqQSnkDCTi9iRi1FOOjxHQbj9kKt3v3g3sBh6i5/fDCilLbPgqsDTE49chN5xbQjxHVFQymSjGTcgOv0o+jezkNCo+bhyIy6Q4BPluOYgoMV1AFSMXrbqJ7p5VzyO7wQspff29eRD87UcXrfAXiQrBVMItuxKpO7yMdXfLyp01Wi9Vy0JqGRK99fK5XwH8DniXnxOGFJUCdannUfJ9Kqchr0Ms0csxD0V29YroA9yKuFde7vL5b6F2o1YluQ1EN9/r65DShTvyfmaFlCU2/Bg4LaRj56cPxDEXuxA/X8hBwDuoL+xtR6J8fuxe44zpk2J+Ct9tyM7pr5BeU9XAeGQhuRFxznoDSV9dCTTcN3PhmcC/Fo84zZeICtNUwi1d81MveRVTusesgVoVUnOQdCs/dtnvQsTUFX5OHFJUKo68Q+Xo+GCk5cKoMs/5JGb0XQJYhNzPvwAc6fI17YgTnolciGy6bQHud/maI4FvAPdk//0CcL6CscRhXrHEmFxoPwyRU20iCvx/IddRPqfbL63AH/C5yxlTTJ0UCwVUfgSqDYkg6uo4HyYNwFxgPfD6hIOG/PmMgY3ORceN9VEPZcbiL5NIN3Z6rJfanUypjjqbTi0KqdFItKA5wDHGI2l+N3p9YYhRqTgxEokGuuF6yi/in8VffyOVnAg8CPwIOM/ja19HeiuayDeBH+BeROXzNNKbbRlqavhMn1csMec0JCKlmmoUUeD/CzkS6VURRgrQuxAx1RrCsU3ExEnRTQ3UZ5AbZtUybeDxDx984EHO2IZBzsC+9R5FlFm1Rp0tqxJeo2k11Kx3COq/h8chNuKmcjCyQ/5hBccagKSU3ev1hZ4aSLesinu/xmIk8La4/inFe2b1Qa5hnZtbH8mO4SM+Xns15t5PxiMGGH5EFMj3YxewHPgtwbM5TFwzWKqIpUgdh0qqVURBsC/kFiCtaiAFTEHSAtpDOr5JmDYp3oYUyrqpgdqKGDdUHacMG3YS8K+NMxY5N542xznwgF7OnKGjnLumJp2HZ13iPDevrehiT4ephFu81kvVQEoV7L9poJIE8KjiY6rkIWQzRCWeHf08RqVKWYTHmTV4u48uBXYU+fks9LViOQ+JQD2Itwa1+byKtEQxkVcJvkE/Gkkb34rUhAfBtDWDpcq4DXHtU0U1iygI9oXM2b+7cT7zQyOSPhZ00jEdkybFq5GeJYe4fP5QxE3q3NBGpIlRRwzq+NCoM/+9iFs8YqJzxsDjnfnHn+xMOeo4Z8ghhzuHHtTHGXX4QGfW4BOc94+c5CwZPun53r17L0aKpcP6Xvgmk2hr8FovVQNOfg7hGKfciI90t4j4DCKkwsCzo5+3Wqmquxa3IKnEXthBT0OtjyE1UlFyJFIDtQepifLLBzG3DcpcZI4YqOBYM4B/IDVxfteTk5FaXoslNLYhfaRU8QDVK6Ig+CJ+O+VtW4PSD5lgN4V4Dp28H3hG9yCyzEVc7MZ6fF0L8DPgcOUj0sTRHHn9KdT9PX8B95WZ73XGNBzdY2G3bc4yZ9OMRc68E6c8grgBPoAUJe9Dcv63ITWFK5EohVaR1ZFoH++1Xmpn8/J9pkbZFBDWRsajyOdtGh9GUvoODvEcnhz9PEWlEulNIY5bB6/hvRflbCTFL5+nKN2/KAwuR+rrbiV4OuGPUWPCEAY/QDZ0VZEE/gp83Ofrb6Z8Hy6LJTC/Qt3u4khkIVStIgqCLyLmIjeCsN+jTVRnr6lXMSOaMxZZ+HvdGc3xaeBr6oajlROBf2w+Z2mPRdzRBx/qPHrupUXqoUqmvw0ApgJLcCeyRhHBfOO1v1Rnsqpt0cMSUr9E6qRMohlZ/I6O4FyeHP28RKUyiXRjqCOPjlxfRj/cj5hP5Pgj0kcqbCYi/aC2o6bx73uzxzKVfwIXKT7mZxEHRq8CGiQaZaohh6VKUHlTXE04znQmoeL92obkeYdNtfWaSgFf1z0IJI3vRSStLwjPIMW0sebQur7fXTmuqegCbuHwCU7h7zIL0k0+T1UosjYDO5G0jy4kl/52xOlpNorbDXiKAuTSqpLtW1SOwRDCElImpeyC2Jv/nmibyLt29PNyPZrQUkARk5AeUn4YhSzGByOC5gVVgyrDzcg1FPRekc8PMDNyC3A3YqoVBv+LfDe8RPNsWp8lElTdvEYiF+x0RcczFRXv1yBkd72Yk5BqqqXX1ABkwWxC48GHUFNoPwa5sU9VcCxdnHw0/KnUAu4L0y52Jg4Ymp9mtCOkcQxFvk9XI2JqKxL5fQcRWw8g4mshshjzFSnyYz6xK5G6o/KRY0UtCKkGxDVsmYZzu3L0yyTaGtymnFZRqmkrEpH2y6fojmjfqWJAJWgBfoL02hus8LgnAnsVHk81bwF3hXTsZUhGyjc9vMam9VkiIejNK40sVF6n+qNRoO5mPxt5z1Q36S1GK/HvNXU7Zlxf9+Pf0rUYlyDfnwMUHjMyRh856J6FwyeUXcQddlBf5+kLPqQrxagOEd8JZPG0HnHqehMxfnmW/VMFx1NBZHW0pB7xHJmqHie/AchiKQxMElJbgVs0j6Gio9+GZDpTY9fgWqQnn1/qEbOfZ4B3KxnR/jQiKdsvE0791aXAV0I4rgpakO9wWIK9DrFCfwTY4PI1Nq3PEglBbl4JZNe32qNQ+ai82a9B0vyiIM69psYhkQXXFsEhsQJ4IoTjfj77iB2TBwz9011Tk2UXcM3HjXM+Ov48E4veG5Do1BLku7gRqT3Yg9Rh7EQcwm5HFm8JYPyZw8483quTX8CURpOYCjwX0rFNEVKfQyKYJlDW0S/bONrdNVgdDXq3EjzV8hrEvEC18+R12eNmFB83n68QrllVEF5A6lnD5NPZxxNUdly0aX2WyPBz81qGLDy6iOfCPAgqb/Z1io9Xibj2mvo6Uh+lk7HIZ+XVoc8NByCL9ktCOHZoPHPB1ZcDzovN15ZdwN1xesI5s++wv8cwtagRaELmuEKh9fZxvQ/9R87G/arR0ys+lh4/5c/DDztyXfZYXh4LI/ybK7EEtRHZfEwQUiuB7wEH6h5IHmUd/ToT6U2uxVT8G/TuIXgWx6nAn4H5wYcDyBzxPUTknazomKXYi/++U2FyAvB3YEEE5/kt0B/pw7WyzHNtWp8lMoIIqdVUt0NfMVTf7B2iXSw1Eq9eU+ciedE6mYzsgK0I8RxTkXqpMSGeQxmZRFvD2lPO/cO0o4dVXLy9lFjpIL1A+uset0o+cvK0C++dsfAPn5h4oSshddXo6c7SEye9QbyF1A3ZRxjoFlIXI86BIzSPoxglHf2y9vy1YDoRxLEvnyuRTJAXFRzrLsQEoVXBsSphcn3UesQFMQo2I2vQ4cj70VrieTatzxIZum9ecUP1+6VjsRSnXlPPIL2jdHAzMhl3Ec3O1nLM6ZFVlg3JdGbh8AlO+8lnV67NSKb3Hnjggd+kZ0PM2OPHyS/mi9n7kaiUas4nGhe1UkxG0rLO0TiGSpR09OtMpHe4qpNqST0S/bCVEcSxL5+vIYvvrUianx+OotsQ5FAFY3KDqfVRdcCfiG5s+XPFFETAFUZrw0rDt1iKYoWUN6rp/fo68CXdgyiDzhzn3EQc9Y7W1zA8Wpiryzi2X4PzyOwPuC1yXwo8qHnoobA7eW2bd/OJ9qI1LzHgOcJxmcztMutgIOKw9gFN5/dCUUe/zpZVCTfX3e6WlTv1DFsJrQRz7Mvx30iK2BTEeKLe4+snAJ24sKhXjKn1UcuQaOm0CM+ZMw0aiYioPwKnZ38XZhq+xVKUahIGUVBt79dWpNmdiejKcdY5ER8O/AxxQDKSjmT7lqtGT3OaBo2ouHDrmp96Kfuy/siOv5ceILHBU51KvBe0b6He9CVX96ArTfwpwktXDIvtwAdz//CS3qdxzEEJ6tgH0hz3lbx/r0Ms0d0yD+kLdXnAcfhhL2bWR72O1CtFzUrEfXUuslG3F0n3CzsN32LpQZwnVh1U2/tVBzyNmUWZunKcdU/E5yI7pX66uIdKZkG66e4zWpyj+tY7Oy68quKircCp7nHCL0bWhlcnvxim+M1AbJ1Vk3Pi0sEXiUeKcyFnIQvY3rkf1EA0VIVjX4b97+GDkdrUUS5e+yGkRuvCgGPwg6n1UZejN/ozFxFTK4EnkY2eb2gai6WGqTZhEDbV+H41ICk71+seSB6XIwIvakzJrV6NLByMIZNoa3j8/Et3H9W33rn7jBY/9RhXAl/WMfYoyCTaGryKqZgtatcBH1F8zFxvmBMUH9cN1wM7NJxXFevJ2wBzfe3F17lPhWPfC/S8h19PZSfKTyANmk8JeH6/mFof9SskLVcnI5E0PwexRDfh/m2pMapRGIRJtb5fQ5BC5uW6B4Kkt/2aaHOuwbzc6h8BF+geRI6OZPuWpkEjnKtGT3MlEoo03z0WWTRXLV5SrGKW4tcLeBs4XvFxl6FnIbYYWZgbF/X1wBDExnsMuG8UHcNIKIjFeNA+WKOQKF6xe/hPgdklXvdlJJp+RMDzB8HE+qibgb9hnnPzl4D7dA/CUltUqzAIi2p+v3LpA7on7Duzj6jRndJXyGVIQ1jtbEimM5kJ5zunH3Vc0LS1b2OQOAyDDcl0pgpT/BYDj4Zw3BcQF64omY7M49XQSD5FNpXJ9XWXSO/QO2RfbCF4fVQ7cA/F7+FL6RmdHAT8FxL5081ezKqPym063lvpiZr4JtJI3WKJhGoWBmFQ7e/XBCTneJGm809DolGHR3xeU1L6CvkV4Td5LEtny6rEc/PanP59DnG+etZiN+Lg7TLNd3OLmaqmClP8HkXElGqink+HIpGNMP4WXewCLsosSDe5vd50D9gjI5HapKANvXObOKX+/oeA27L/PwlxclwT8JwqMLE+6knE8lxHSq4b+gDfxaxyBUsVE7dJVTdPo8exJ0pmICkjF2k4t47317SUvnxuQJo+aqEj0T5+Z/PyfYtHTHQWj5joUhSkW8scMpdeU9VUWYrf8UhaX68Qjh31/WcH1be4aiHbXNbt9VZgAmM6dxE8upCfVlzqmjsYiZCuR0TCB0s8L2pMq486HFkf6K6NqsQQ4FWqf71mMQArpLyhK2ISNXOAfxBtS+M3uwAAIABJREFUg8oMegwWTEvpy2cwkoceeX5+JtHWsLtl5c6vnrXY6d/nEOe5eW0VF2h5dufleAGYGfb4dVNFKX4fQU3/nmJEef/ZhLj0VSNbgGvdNuY1+ForpAF4B2gMeJx8o5ty19zHgX9hRiQqh2n1UWMRIRV1Sq4fxiMCOql7IJbqxgop7+iq4YmaFqTR3umVnqiAecAvEeEQJaam9OWzAamFiJSOZPuWzmTKOf2o45zMhPNdpfS5TFHLID1hqp4qSfF7GYlSq2YB8L0QjluMG5B+UdXKqcDvN8++bG2V1UmlURP5yG+9UGrN80ngJSSC8Xv0OfQVshez6qPuAn6jexAemI1sClf95p1FH1ZIeUeXq5wOliICZ1yI5xicPce8EM9RDJNT+vKZAvw8yhPmoileDCY82CoXNsWsWqogxS/M+ozvEU1fsQ8g9S4DIziXTm49tr7BlXOfwaI9nzrgDWBqwOMUNgMvtub5KlIHeFj238uQDYTDijw3SkyrjzoK+CNi5hAnFiLX0mjdA7FUJ1ZI+UNXnyMdXInkGg8L6fhbkShF1Jic0lfIk0RUIN/ZsirRmUw5XgwmfKQKvYIIqqon5il+YdVnRBWNOgdZROto7B01/YBf3X/WElfX2c7m5ft0D7gCS4DvKzjOUuDBvH/nr3mGIHVzny/yuk8C31Jw/iCYVh+1HjFxyGgehx+uQYxZjtI9EEv1YYWUf6LaUTWBdmAn6ichXYL0kxhiLe6SJOI6FRqZRLpxdzK1MbfQcmswUaTxrhvWEs+bsS9inOIXVn1GFHPnCCTSfXHI5zGJZScfPvi3bq8zw00ndqLmGnkQEVM5cmue04GfIc3PS/F19Kbxm1QfdT6SGXEv5ozJKzcA24EDdA/EUj0chuQCW/wRZY6/CWSA7wCHKDqerhTJVqCL4Ha6UdMBnKX6oIUCqjOZctwaTHTNT71Uxuq8HDMR04maIMYpfntRX58xGfn+hcmByNy8MuTzGMfgvg2/+OSkuXGMfuYzEnH3DNrstQ8Skeyf9zMHqf/9K3IvKEcdEhW7LuA4/LIXc+qjXkBS5J5AzKjiyj1ke69ZLCo4Cckdt/inlqJSALciaWYq0GHaMRW5kQbNu9fBh4GvqTpYMQHVmUw5LyVWujWYcGsuUYrXETv0msBrip+HmrOwCMuI5ebsI0weAD4X8jmMJHHshOuG9jvc6XBzjTWn9mQS6UbdYy7CatQ0VF2AGE3k4yAbeLNcHmMEUl/TomA8XhiOOa0iPkK36UcH5tcVV+JB4A7dg7BUB2fTs5u3xRu1FpUCsUJ+KOAxdNjINyA74a0RnlMlfRAXxRFBDvLy/BXNnc2p7cUWVnef0eIc26/BWTR8QhQL/XuQlNGawVOKXyK9SeNQwzRi6SLcmqVb0NNGwRjmHTfmr1eOnuY+AppMbTRMUO0Epis4zpeRGt8ca5Hr+iSPx5mFWH5HWde5iP1ru3RxIvKe5SJjvyP+7V96Az+gxu4/lnB4Lwp3uGuYF4hHTwWVfIVgRbA6Gu9uQWqj4synsw9PZBJtDZ0t1y3vbE7tKbWYWjR8gnNsvwbn7jNaokoJuoCQ675Mw0uK387m5ft8pk2qICwjlrDT+pYhBeVxS9tVykdOnnbhgQcc4Dx+3uWuxZRBaX65tD4V/BZpxtsLiVJ+E/914R9Ert0j1QytIndgxkJ/MxKRAvnbf1vmuXEiF/Fb5PP11l/AAkj++G26B1EFLMP8Lt9h8BD+GnXeQfQ7bUupjujrCGRHsE+lJ4Is3HcnUxt3Ni/fV24RNffYMc7cY8c4LyVWVlxw+TSXKEVuoVMzeEnx60ikWzUM8W7CqyEIM61vDlLze2pIx48VS4+fvGfusWPiKKRUpfXlNmqOQ2p7787+PMgC+Cai6zv4A/T3PlrI/rWsk4EfaRpLGMxArgevffLuzz4sFm6jBotxQ6AOWRCeoHsgGngSqZtySztyg+gdznBK8lOkMV818DWkXqoomUS6sWvwzDXlok/FRJSb5wYwlyhFYepNTdCRTO91tcBtTm2PeGgZwnW1CiutbzTSJLQ5hGPHkg3JdKaxvr/zhWkXu46AGuIWqSqt7x6kTm4v3RGVIcCvAh73KxS3S1dJb2SBH/V9Mp86xKUvP9vmPVTfpvEiJDI13OXzrYiy7MfXkPQ+S3B8pVxVAYcgu30ZF8/1OmGp4r+QiW9IxOcNi7OQgt9/k0m0NXTNX7F0d8vKna5rcDyKqM7g5hLFKFYMXvXsSqTucPsZRVi7chVyXYXZuDaMdJiDkV3zkpsLtUhmQbrp1ikXOScfcYzr+cCA3lIq0/p+A/wD6UeV4wJgm4JjfxtIKzhOKWYiG446+TTSNyqfNPApDWMJG7cbvFZEWXqwAzGcsATnBCQqFdSuNY4chewilsvn9htCD8pg4O/Axuz5b8NlWpzhfBtIvjx/RXNHsn2LF/HUmUw5m89Z6oxtGOS8e9h4d69JpDeFtKAvZk9c9XipldqdvLYtgiFdDPwf4btxhSGkHgI+E8JxY09nMuXMHDTCuf7U2e7nB71ukarS+j4H/A1oKvj5KtSUMxwH/AJJfQuDdvS6yk1B1jOFfSO/CFwR/XAioVzJQX+siLKU4Cd4d6+xlGYzUi9ViwwDXqV4mlbQos4grKN7B20Ikif/U+AiDWNRQiaRblw+bsYzU/o0/N2rgOpMppzMhPMdwI29eZgCKp/Chpk1gWsHv+bUnpCH0oQInKaQzwPqhdQ5yCaOpQgbkunMN85e6hzeu2/FnnD533lNw61DjEKCpvV9BrErL9Za46uom2tmIhGvMxQdL58H0XO/zPH/gA+V+Pl5EY8lSooZh7UB+7B26ZYS/B5pyht3mnQPIMv51FCT0SKMA37J/jcqnTajU5Bd9vqCn1+EiKm7iUl0qiPRPr6z5brl+X2fhvY73Pn/zn6/JxH17mHjnbENg5zN5yw1QUDlWIoZNr+Rsjt5bZvbzy3E2pWxyHfk4pCOX4hqIfUVYLniY1YVHYn28RcPH/PXJSMmup4nugbPXBPxMAcBzxIszfcgZDPzYWSTuJhV+Y+B0wKco5D3Az8DjlF4TNCTAg+y2fg0sKHE73+GpF9WK/nGYfORTZpHgAnaRmQeUc8NxlMN9o11mPV3/BCYq3sQGjkdcZXLNS/U2fhuK3BNid/1weDoVE44dSTbt5Ry3Lt23FlOsvEUT0IKKPf7tyMWUDn6I+l9sRC1qsgk2hpcf3bhRAkGIjVRV4Vw7GKoTo05CokI1LTVuRvWT1s4A/jXN86usIGyfyR0e0T2+6OA15B6HL+p8cOA7yNRqIVI3W4hubWC6vT7jyJ1uKrQ1Yh3GmIu8dESv++FvH+9IhtR9NQh65dtiIiar3c4xjACEVBrMGu9bQRxe0MmIS6Da/IejxO9i0y59+0S4LGoBmIo5yALnC8QnVVsIfOBF108Lz86ZQRu7bF/MG+5U9erl7PjwqtcLYxKGUt0JNN7dyevbdPYswjke7xA4/m10NGSesTNZxeCCcABiDtfRvFxixHWDbgd+JLiY1YtJx5x9CenMdxTOvDO5uX7MgvSTSEOazaSNhXEPXgGIjxyWQ8vUnxz7DQkIhUGGygdxfGKjka8S5Dv55IyzxmJRKSqlcnIpu9fUCuM48wMJB3298B3sdGoopgupBqQ3aWNSM5zF1KImi+kVhK9wUOl920PklZWy1yNvE/v13T+F3G/m9QHgwpJvfQZWjziNOfK0dP8RaMS6R2aC8vzuRKxQq8pOhLpVtcLW7Wf1TeIbvPAIZwbcAfRm9fEmmPq69+8dcpFnqLYneGl+i1DRFSQDI5FyPWVqyf6APBUiecuRRaFYfFflI7meCHqRrwfRSJR0yo87zykRqqamIz0tevKPm5GNuxr1Tgsx3uQFM9XkMbsB+sdjtkEFVJNKgaRZSgwFdmVXo3kS+9D0rOWAY0KzxWUSu/bKmBTBOMwmSeA+4A3iT6/+BrkuvGKdjHVkWgfX6l5bv7jkdkfcI7s08+LkNKVvleJY5GbV83RmUy97ebzU9gI+ZPAFkXH0sUc4Dndg4gb7xo08cbG+v6ehVSn2lS/OmRD9HUgSO1fe/YY+WL6FUr3C7wNuTeHxTFIxCbo5mGUjXg3IAtmN61BrkBc++JOMfFU2NuuFo3DDkZE0yvINfEevcOJD0GFlNvXNyATZgJxQFkLPICIpT3AO8gFvQ2JPq1GJsO+AccXFpX+7nrgD0jedi1yOfJFBLgUaYh4YkTnrkeK5/1GBLWJKa8iKveYNfgE54bT5rhZhJsegf420uelpuhMpDe5/awVLGRbkbk27nVFX6cGGzmrYOLQ0X/78JgZvsSUgqa99cgm1/OIwYRf7kRqovLvsVchxgCl2Eb488sZSFq7XyEUVSPeSqYSxfgU4fbOCpNhVBZP+dSScdgIZE3+eyRia6P8HlEhpNYUedyO7HjuRKJKe5B8/I3Z31+K7CiOI543dDfv29rso9Y4HPg1+6cJLEfScKJoiPspxPI8CJGLqZfnr2j2I6I6kynnC9MudsY2DOqZjjM/9VJHIt2at/g2XUi1A/foHkTURNhTaipyDUxVNHRdDAH+jDQDt3jk2tNmLel1wAHOtjnLfImp3S0rd/oU9EMRe/PN9HRSdUtfxJVvM+LSl89/A2eWee2viOYetBDpMXWcj9dG0Yi3kqlEKTYTvyjFJGTd+UdkPVZOPBXyI6p7Yy+//mktIqgsPgi6sComotYgu55NmJWOpxI379swJCrl94YRV+6keP+O65FUnDCF8yikUHSwgmOFLqYyC9JNu5OpjX4FVP7jjIGNzurx5zodyfTeDcl0xsDUPTeMQo9blXY6kum9bhexPk/RgOzEtqobtTauJ/hmSU3Tu673p84ZOOxXfuebjmS719TQqUid800Bhj0SccUt1ny5Hfhamdceg2QqREUaibB7JexGvG5MJUrxI7wJEZ3MAb6FCNo0/tr8XE78U6CLYeufFGP6DrWpuH3fNhFuTrZpTEOiUYeX+P3NyBc4rCLO+5FFlsrjhSKm/KbxlXrcc0bLVmTXLYod1zB5gejqA4zBi8GIT5G8BamNqgZeRdosWPxzAPDz9Cmzv+J3ztmQTGdcnmshkpnSGmC8TUiPwmuL/O5gpBa3XMrhLGBHgPP74fNInzMvhNmI162pRCl+CxypbjihsBhxl9sJXKbgeL9GMqfijq1/ChErpPzh9n2bgqQ11gpPI7s45fgs/owgKjEbsTFXjXIxlUm0NexuWbkzqHjqSKb3FhhH3IQYfMSZDDWYEptJpBvdfu67EimvO9baTVQUchHFewRZvPM+4DuZBemmTpeGJz0elZ0kVyMiZ3qAcS5B6o7eXeL3a6hc63MNetKGn8BbFC6sRrxeTCWKMRmJaJtIHfBhRCRsQ23vp5sonmETF8Zg659Cxwopf3h53x5DektVMxORsP8XXD7/S0ixuEp2IPa2YaB0Ibo7mdqoIgpVYkd4F93NkOPIROSGWHN0JtI7XH32zSkvmzPVJKIAHkJqbC1qeApYlkm0Nbi+/vIeZcwnBiGGUl1ISp5fPoKYFZWqfToSicSfVOE491C6OXuYHIm8Bx908dwwGvH6MZUoxs3Zh0kMAm4EfoOsJ8LIZDgWKRcolWVjKosQEf8GUjdu659CxAopf3h53+Yied3VyuXI+1EpElWIm+iVWy4h/LQNJd8VT32D/AmpdwGvAQeqGK8manJe8nJtdCTSrS4OWW0iqhH4HbXd30U1ZyImDP3AW4pp7lFgPjEUMZt6B1hPsJrYu5HoYznThk8Bd7k41g4kvU8HExFzlErnV92I16+pRDG6MKc+aixybTjZ/44N+XybiLavl1/GIN+HNxARFVaKqKWAmlywKMDr+/ZL/Dn4mEwfJAL1I+RG4ZVK9VRu6YWkT54d8DiVCPxdCVgX9bYH2+H1xDs9ribnpUyircH19dCc2l7hcNUmokDSPj+rexBVyD3Arbl/+En1e+Ds9z2EuKO9gwipoQHG0w/4JhLR6lXmeccic8WxLo75f4jhhC5akAVuuciAyka8QUwlCjElrW8mEnn6DRKJCmKf74Uzkc1JUymMPo3RO5zaoyYXLArw+r49ivTQqhYuQuqR7g54nFIOf17IEE3z40DflYB1UV5EFEg6yZv4LyrWTc3OS556Si1IN5U4TDWKKJAUr6ibe9cCA5EailNzP+hsWZVwcw0+POsS57whJzlH9D7YmTLguEcJvrg9CTGccbMRdBeycHSDCXPKdUjvq1IRVVWNeIOaShSiO61vPlL79ApSC6UjIv1fmGXQYKNPBmHC5BJHvL5vN2YfcacPIp5+ioipoBTrOeWFYchnEUXj40DflQB1UV5FVI4PIg2v40jNzktuF7BlolLVKqJa6G7ybVHPtRRYPZdL8/vqWYudWYNPcI7ofbBz1ejpznPz2lQ0652F3A+Wu3juSUhtlFsXOVPmlDspXh+sqhFvUFOJYuhK67sMcd/7LuLGp5P3IGJKNzb6ZCCmTC5xw+v7lkCiUnEmPwrVR+FxL8f/AmkTEpGKAt/fFZ91UW93JtKbAi5MtiK7oHGjpucltz2likSlqlVEgVzL79c9iCrnRQqMajpaUo/kX2+bZixyphx1nDOgbz8nfcosZ2fzdftdjwHEVCvw18Lzl2ED4tbnFpPmlG/RsxVB0Ea8xyF1YF8KcIxiDADeUnzMchyG9H36BfI+zYnw3JV4jfINn8NiGjb6ZDQmTS5xwuv7dhxSJxVH+qM2ClUMP8YTZyO1UeVy6FXi67vS2bIq4bUuanfy2jZFYx4L/J34OfbU9LzkSXh3R6WqWUSdiKSqWsLlIsT1899kEm0NXfNTL901NemMOnygc1z9Ec6Np83pIaACiqnVwM9w3xtsPHI9eGkkatKcchjwMrAs72dBGvGejbj9fSTguIoxFXguhOMWMgxJ5/wjUms3KYJzeqWdaMoIDgKakRr0/wFeAj6BjT4Zi0mTS5zw877FcaHThjRSvAO1UahC/BhP7CBaW3lPn3km0dbQOW/V7Z4jUYn0JsXjvh7YrPiYYVPz85KXqNSA3of8J/GbW7xwM/E2T4kT3wBS2f+vA1p71x30yuBeB//jExMvdHbNb3d1TXoQU59H5nIvqWhfw7spg2lzyilIXVou4uK3Ee9liCNgqR5bQVlCuHPLJEQ4/RH5jkeRpu+XwxErdDfmJl45BknHfzh7jm1IA90TQziXRTGmTS5xwe/7FhcxNR/JTX6E6Iq7vRhPnIgUnkeJ68+8I9E+3o+xRNf81Et5NsIqeR79OeZeqPl5yW1Uau6xY5xJRx33M93jDZlfAuN0D6JGGIMszFciqUw7gYSf9OQKYuowJN39qx7Hdybw3z7+LhPnlIsQB7rR+GvE+0lgN3Ca4nHlc0P2oZo5SOreL5BUvsNCOEcY3Im3BsvlOBn527+NtHV4AGmS3V/R8S0RYeLkEgeCvG8mi6kJiHjaidru4G7wYjxxKfCVcIfTA1efeWfLdct91EM5nf5NJdwwC7lR9wvp+Kqx8xKVo1Jzjx3jzD12jNRKJdKNuscbEouAJ3UPokboi2Qh/AERr035v/TiKFlBTI1B0pUK64Tc8AhwlY/XmTqnXIOIof/x8JpDkAjWNwm/Uez9qLFQz7EYMY/YiUTT4sY4ZJ3il7ORVgOdSDrrXZhVB2bxgamTi+kEfd9ME1MzkfS9fciNVBdujSe+goipKCn7mWcSbQ2dzantPkWU2warQbgLd40rTcDOS1RujgqEmRJqCk9ii6vDpgExbngTce7L1dyclf+kXL1UQDF1PhKFudrHOGcjFth+MHlOeQz3QupkRITcFt5w9uM5pE4qCHWIbfkrSMpa1Ju0qtmC+5rufkja5Sbk+/Uc8DHMrAGz+MTkycVkVLxvOsXUEKS+6AHEkeeHwMcxI6T8GPAfFZ6zl+hzh0t+5gEb7Ua1CO6HLI5mRXCuoNh5iX836HXdGLUKo1LjiK9JTxxoQNKU3kTqKPMjRx8EetjrdyTax3u5JvPF1Pj+gzPAn/DfU/Ep4AM+X2vynHIH4phYaT2QQOqqrgx9RN28hTj3+WEQ0vblN4jlu4oeWSZwAfCjMr9vRD6jx5Dr7rHsvxvDHphFDyZPLiaj6n0LW0z1QvKuz0aE08cR0fQWIqIuQW2/CRU0Am9TetIdjgiCqCn6mQdstBtmXVQxFiP1UqZj56UslaJSGgR5lKxFbyPQaiWXwrcPKfQfWeJ5P0fqd/bDj5i6avR0pzf8c/Hwie/1OeaLELHhF5PnlFwj3nLrgZXAr4DzohoU0juqy8frxiJOv072v2NVDsoQCgXmJCTS9ByyMbEJiUTFJZ3eEgCTJxeT+RPerFfLcT9ihbpGwSODfIF3INbgTva/O+juuRSHXaElyHtyYJHfLULyw6Om6HdlVyJ1h+9IVLh1UaXYjDj5mYydl7J4j0pFJsqj4E2sa5VqFiImEtvZPwJVjC9Roh7Ji5ha0Hiqc/pRxzvfvvDqIH2mvpMdu19MnVMKG/EWE1PrkLqiqNtY3Iy3jYyZSOTpN0gkalAYgzKE55DNiLuQWqdOpPbpbJ2DsujB1MnFdP4XGKzweCpEVK454SXIl3k40fVYCoN12Uchd+Dd+jYoZwE/LvxhZ8uqhF8R1dGSekTToncE0lvK5F1COy/l4SUqtSGZzugeryLejzThtaihCYlG78J9cfti4KFSv6wkpn4wb7kz/ejhTvNx44Jeo1cC/8/jawoxdU4p1og3J6aOQWqKvhz1oLJ0IVGpSsxHxvkKUgtVF+agNNIfcdV7APgb8vemkbo1Sw1j6uRiOrsxeyFaDRyIRKUKHYNyaRBR8kVgVf4PMom2Bp91UW8rbLjrl+swe5Fq56U8slEp17UoVRKVehpo0T2IKmAUUhz/BtCKt0XuMUj6X0lKiaktsz7gnHDYUc7lJ51R9Br1EJUahKR6T/Ew7mKYOqeUasT7FPAOki6mAzdpfZchxhffJV7tNbxwItLPaRvS3+lhpH7wNsKxhbfEjAZkgrJ451lguu5B1AAzkWu0MfvvwjSIKOiLpHLuF4H049DXNT/1koZUvlI8i9wQTMTURY82vFhPV0FUagLR94mrNgYhEf03kWyFvj6P8yLSu6kkhWLq82cucA49qI/zsfHnqbhG78WfTXohps4pxRrxtgL/QASKLkOqUml9hyFRmF8gfaCq0bp7MvAJxKL/f4AvAM3AQXnPCbtRsSUmnILs+Fu88y1gnu5B1Aj/gbjeQPE0iLD5IAXpLbuT17Z5FVG7Eqliu446mYYsso7UPZAimLro0UYmkW6soajUZ5F6Tot3+iLCaR8ipILWqdyKi5rKnJjKTDjf6VfX27n7jJaK16iLTaW5wKvAAQH/BjB3TilsxHsT8BPg9Oy/dbn7FkvrWwv8ETEoqTb77smIcOzKPm6mfE/LqUidlKXGmYt0Frd458tIDr8lGn6M1CmVSoMIk+3k9b3ILhg8pfJlFqSbIh6zW9YC63UPogimLnq0UiNRqTrgd1irYK/UIb313kBS+Uo58XnlQuC/3Dzx7EEnPDP80COdh85pVXWNvoy69E4T55T89LmDgK8B/0lPu/GoxVRhWt8EpL7uC8CwCMcRNsXEk5uaMJDP6K2QxmX5/9k78zApymv/fxSQRZYB2QSFYd8REGUiyL4p4NTMgBtGUHFfGISh25jEjolbEgPRm7gHkrhcNQZMTGLUBDQmhmgEZaYnu9yY5ZoNkpjEm+X3/v443drTdPdUVdfW3efzPPXAdFdXvd3T89b7rXPO95QQV5C7mF9pn63A+rAHUUFsRuqUcqVB+MkkMholuukXFYF6qEJ0QBy8loU9kCyiuOgJHSdRqWRt7I2wx+uSdRQwOFByshwxkXgJMZXwki7I32N7qYGf69Gxy0vfWXr1nz0S+wm8FQ9RnFPS6XNjkbYkdxTYN0gxlZnWdxHwH+DSgM7tN8WIp2yK6bGllAm3AteFPYgSJYGmngTJIKRO6Ve0TYPwm1tTG8mGzZZTEdXSENsZ4Fjd0oAswqJEFBc9kcBJVKrFiq8Ne7wueBHpGaS0zxQkYv5TirMGb49vIZGpfJwPPA+eOUxORgr7h3r4HqI4p7QiFtp/xN6N2aDEVDqt7zOImYRboREVRuCdeMpkD5Lip1QwD1G+Tit+s57gU8wqnScI/mL4K2BSixVf67QmKlkfO1RCdSpfRHLzo0IUFz2RwFFqaelFpWYgNTFKYaqRv9mDyELcb7vp65FaqXz8BFgEzvpLNddtyGci8RTilOYlUZtTTkIa7P4RZxkBQYgpg0Q3HyB3L8dS4VTgQeAvSBq714LwIQ53FVYqjO8gXzTFOecTXm+HSqWOYC+GdcAulyLKRLguKheDEavdE8MeSIqoLXoiRdKK7y7TqNRdRL9ZdJh0RBaEB4FbEOfdIDgFce/LRQxpwvoudqNSYooSr8463oXI2sRrojanvAz8Bknrc4qfYmoN8lnlbMRcIpyFtE/4ESLIu/p0no+gFugVz//gbei8kliBOPcpwWIIrvndExeNnPGMGxEVQYc+O1yJ9MqIAlFb9ESKxMr43DKMSnUD/oGIeuVwOgKPI/3fqkM4/0Gkr1QmfZEbMBMzH3T4/dyV8dIq4C38ucEblTmlL2Io8WfgfUUcxw8x9WkkzTsqn5UTuiKi6UeIiDorgHOqBXqFcwTyx+KFrWglMgt/7pophTHI3c/OPp9nEPDvvbUbHYuo1rrYPp/H5if3Ad8DxoU8jlK8kAeKk6hUxA1P0lxBVmRDeZfuyPXmi/ifxpePJzi8FGBLajuM1rrYPhfR+7vyHc8DojCnzECszR+g/Wa3dngSb1KyxyPfr88j19YofFa56AYMQVwEFyHGU1chUdq/IGl8QWZZqQV6hTMUiUgp7pgANIc9iArrr8XeAAAgAElEQVTkHqQI2SDFzR9Fekt5ytnDp768qvoExyIqWR87FKGGu25Zj1yUVoU4hqheyCODk7v+JdJXag/l2dyzWAYiaWB+CQy7XAncn/HzRCQaldO1zEmtVMp0YiGyJvErDSvsOWU10mR3Lfmb3TqlP9K4emURxzgP6Q2VaXYRxGeVTxQlgDuBR4BnkJTSX6bG+LfU/19NPfdIat8EYigRNGqBXuGcikZUimEQ8OuwB1Gh7ALORCbfjyG2sX9EJtULKCI1KGE1ViVrY7vG9OpnPj/7XMeRqBz5/qXKQuQCHVb+d9iLnpLASVQqacW3hz3eApwKtIQ9iAhSjUQuNoU8DpAo9S8yfv5vpD4qL811G251IKRexl/zqzDnlA8jn92s1M+5mt26ZSGSdjnKxWs/lRpLdhTHi89qCu5F0VWIsFqECK0hiPCKImqBXsGsRnM7i6ErYsetBM9FHN5nZjAioh5BJrYfICLLQibhdklYjVXNDZv2bp1hmSl9BrsQUZG/4++UgcDXkN5dvQI+t9MLeS8kSrwU6UN0g8cbyJ3bGiJ00XRqhBJhA5T7kWbbynuMBd5Evs9RoRkxnliEDXdFu6YTS4eMew7/e4eFJaQ+j9SepuvLspvdesFGUvbzNhmN3JB8CDg667lixjcIqVPagwjHWygtUeQGtUCvYK4j1R9Hcc0+YH7Yg6hAuiAidlCBfWYDNyI2ur9JbU+lHjtMXKVFVLI+Zqb0GWy2zrAqXURlchtSwDszwHPmW/R0Ru5Y3g88jUQx/pzaWlKP3Y8sErwUUh9BFh17EKH+x9T/HyJk1yYntSjNDZv2hjnWPFQhKU/9wh5IhJgF/JbiUrb84MNIiuHziHNtQewIqa8tutggf+9jfB570EJqBPBdpO4rE6/S+rL5AoUb+qY5G5kvN+Z53un4OiE3mb4KvI3Ufy128PpSRy3QK5i7kOJexT0bgO1hD6JCuRfY7GD/IYiAOkxcDene+95PTF709reWXm4cR6Os+PYyF1Fpzgf+BVwS0PlyLXrOAH6GNIlch0SfJhB8tAwkKlXDe65NoUX3HTmk1UfSeGI9sghUhOWIiJrV3o4hMBZJI7MV/bAjpBYNGp2OSPlNkEJqMdIjKldKppdpfZkchdzcvajAPh9HIonzCuxjd3yLEdH0NiKizkNEVaWhFugVzFPIhK24pw8yOfcJeyAVyBzgtSKPMeTUAcM3rBl60j/mDBxh+nXpbjod2cGMrxpgLh97inls3vmlXHPiB9OQLvd27noWS/ai5zOIiDojgHO7IVQxlbTi2+0KqQgaT+xFI/tpzkbS+aJsWPN34IN2dmxPSH38pBVmYu+B6RopvwlKSF2BmPVYOZ7zI60v+/iGw4XQcOA5pK6t0I2nQuPrizQOvgVJ29uD3EwulBlSCagFegXzOjA57EGUAdvxvgO7Yo+iUitbrKYpe2vXH0xf1LfOsMz4qgHmzpp6c8mYGjO8xzFmeI9jzCVjag4XVZUnotJ0RiyYvw0M8/E8P0cseU8EXkHcGv22vC+W0MRUwmqsStp0SIvY93c6kjaqQCPwU9w1aA2KGPBDbDajLySkXq3daI7t1tM8MOuschJStyM3BvL1OvQrrS+Ti5Br41Gpn1cCf8JeBkfm+KYAlwKfA5JIOuAziFNulIV+0KgFegVziOC6opcz85FJSwke16mVuYr0c9VGPTbv/MNE1eph0z5D+H2WwiaONM70K6p9L3L31BBcOqEXhCammuuvbXSS4hcR44kbkRq8SucWJBIwMOyBFCDdfHcOEpU6qvDuhYXU+SOnm7OGTTXJ+lg5CKleSE+nL1HYSMGvtL5s7kDSZW9GokcLbb7uD8D3EdGURETUpahwKoRaoFcwai/sHQcQFxwlWFylVuYSUXZqox6bd745pX/1TuDLSJ75O4hl7zakcHcxlZXmsBwRU3GPjzsYSUM5iESkSo3QxFQJGk+8RrAmJlGjI1Kv/B2k6W6UyWy++xVsFNjnE1JfnL3a9OnczexZ0VgOQmoa4mbYnnmX32l9mQxBolCvYe/62AHYiXxGy4iQM2mJoBboFYoKKe/4AtGyqK0ktuMgtTLZsHF9rgu7Hae+Fiu+NutwRyOd6tcBW5HF/1up7bnUY+tS+2RbzJYLw5A0vy9SfOrdYCQ1xgCfRYqYS5VQxFSJGU9MAt4I8fxh0xF4HNhB9EVUdvPd8xAxVZB8QmraMceZj0077d2fS1hInQn8A7jYxr5BpPWB1Gb9DplLD9J+NKo3Moffia4L3aIW6BWK/sF4xzrUdSosbKdWNtfHtuW6qNuIRh1qsZqcpDYMQqJTG5Fo1ctI9OonSDTrI8DlQD1yN34k0MPB8aPIHUhtwDQXr80UULfzXkPllyjsLhV1QhFTJWQ8cT3w6ZDOHTZpEfV46v9RJ7v57lFIet+AQi/KJaRik+ebOQNHtHmsRIXUdYgxiN05Koi0vhuRJrdLUz+vRDJm+ufZvxqpebsp9bOuC92hFugViv7BeMdoZLJSwsHwXtPUnOQTUTaiUU5FVCHGAauQPkh3IaLqu4gb3V9T289Sj305tU+C0hFdlyAW6e32l0mRT0Cl+VhqK2UCF1MlZDzxAyrTra/URFS+5rufB64u9MJsIfXc0svNUUd2MDsWXFjqQup+YDc2m73jf1rfIMSJeSeHi6aPIvVbHbIen4yYm2SaUOi60B1qgV6h6B+Mt+jnGR7ppqmHkbAaqwqJqHOGTzVLBo/NncpXHz/goYiyQw9EKM1EhNPlOBddFyILnzFA1wDHnmYm4sJWyECgPQGVZh4SlSp1AhdTJWA8MRrp41ZplJqIgvzNd5chtV15yRZSy48fb64cN/Ow71+JCan1iHudE/xM61uO/C19uMA+dyFOzbNTP5+KpKBflrWfrmPcoRboFYr+wXiLfp4RI2E1VjU3bNqbb/F45biZ5uR+Q0xLjuda62L7slKeolZImk90fQ6pz0qbYbyFpBY+gRSKbwAagJPxzyGsF+Je9bWsc9gVUJm8TfQ+ezcELqYibjyxCbg74HOGTSmKqPMp3Hz31xSwa88UUltnWGZ0z345v38lJKRGAv8ETnD4Or/S+j6MiCg77qnnIW7Nn0euDefk2EfXMe5QC/QKRf9gvEU/zwjRnoj64JRFZkTPvubFZVfbEVFxZEG/Jc/posxARDQ1ICJqCyKqXkZEVrp26zlEhO3ivQhfsdtupNj58zgXUGmeBM5y/rYjSaBiKuLGEy8ApwV4vrApRREFMjcsKvD8FgpEQtJCqqU+ZoZ2720+e8rKUhdSO4APOHyNH2l9/ZE0vqdw5hR7DfAfZP6vzvG8rmPcoRboFYjW9HjPtymtfjdlS4vVNKWQiNoyo9b06dzNfGXhRbnqRXZniKgLkcawDwMTwntHvtIVSQNchLxfr0RUensMEWvrcSag0lyD9JQqFwIVUxE1nhhKZS06SlVExRCTiUKcglh/tyG72fm60TWmbuikvN+9EhFS64AXXbzO67S+pYihxI0OX3cZcvPsVEQMHuJwgwQVUu7Rz67CUJc575mJTFK9wh5IJZNs2GxlXsCzt+2nnmMAs/3UcwoV3S8DvodEaUrZNS4qjEM+z/tcvHY8ImbLiaCackbVeOJqxM2yEihVEZVuvjvRxr5tbg5ki6hH551venTqbF44/apSFlKDkOj6KS5e6+Xf+wcQa3PL4es2I8YSkzMem43UTd2V8ZiKAffoZ1dhaN8jf7gjtSkB056pRLI+Zr6y8CLTp3M3s2VGbb4F5ElIusR+4OxQ31B5ch8iqMY5fF25NTsMqp8MEEnjiWdxvhAsRUpVREHb5rt2eAh4KFtE7TrtClPTf6j50JTFBb9zJSCkHsSdg6hXaX19kLrTp7HvFJjmJsTivDrHcx2QOXll6mcVA+7Rz67COICk9yne0guJSs0MeyCVRGJlfG6yNvZGoQv1i8uuNiN69jUfnLLosOfuPnXNFuAe5E7fNSG/nXJnPfAXxAbeLuXW7NBvK+TDcGI8kazP2XzaKwYg9YZH+nT8qFDKIiq7+a4tju7Y6bWPT170dlpArR11kgHM2lEntft9i7iQOhfpkecGL26aLAR+4fI4dyJlB70L7LMSEVOgYqAY9LOrILQ+yl8uQSYuJQCSKzZvaXdRWB8zJ/cbcpjt7j5rk5nRv/pJ4P8hd+26hfx2KoWFyBxkt++GNjssEqfGE8n6mEmu2OyHucolSM1hOVOF2II/S3giqpjWB9nNd9ulxWqa8vHJi94e2LVnGwG167QrbH3XIiykegG/QuYsNxSb1rcZ+BPvRYyc8HkkwyK7f1Qu0lEpFQPu0c+ugtD6KP8J3Oq40mjPUCJzWzJ4rDln+NQ2j11/wiLTVYpt7yd3yoPiLwMRe/Qv0X5doTY79AAnxhPvbrWxXR4bUDxFeafNViOL5y8SnohaBbwB/JeL1+ZrvpuXxMr43HQ635XjZr2b0ufkexZhIXUv7t1ai4k890IE7XPAcBevz4wyOdlfxYB79LOrILQ+KhhUTPlE66DZN9i9QK8bXWMWDBr17s9bZtSaY+jw74Fde/4AmBH2e1G4DWngWygdVpsdeoBj44nU1tywaa9HjamrgH8RTqPoIJgO/Bb4aEjn7w9sR2o8l7o8Rr7muzlxMheXoJCqRUSlW0HsNq1vXuq8H3d5Xmhb9+TkNSoG3KOfXQVxAK2PCgoVUx6SsOLVydrYLrsX55tOPN0M73GM2bOi0Xx+9rnmlP7VZiJH/XvWgCHrw34vShvORxbY+doHaLNDj3BqPJHe9tauP5hs2FysQcQapIdZObIccXUL6yblhcAfgFuKOMb7Kdx8911arKYpTubiEhRSHRExU1vE+dyk9W0E/kxxUVun0ajM16kYcI9+dhWE/rKDJTCr43Im2bBxfSFb8+ztkbnvN4D55MlnmBVDJphB3XqaDVNr/u7RnXXFe6YhBd25XC+12aGHODWeaLM1bCzmJsQTiJgqNy5DRJTbKFAxjEA+1+8Bs4o81o+AxfmeTFiNVcmGjevbM/YpEyG1heL61zlN6zsauem6i+JvdLuJRqXR9aF79LOrIPSXHSyBWh2XGwmrsaqlvmmHk4vynhWNZmj33mbWgGGmS4eOZv342aalIbYzoGajins6I7Ul3waGZT2n85ZHtFhNU9yk+L2b6lcf2+bib6krEnUst7/BW5B0vjBu0FwD/B9wvQfH2og4DB7G63Ubap3OwSUupBYiBhPF9IR0ct0/FRFdnyrifGncRqOU4tFrVAWhv+xgCdzquFzI7klidxvZs6856sgOZvWIE813ll71Zx+tnBV/iCNtBJaHPZByJWE1VhUTmWpu2LTXoZg6GzGaKBc6Ao8gc/txAZ/7BOCZ1HaCB8friTjDvSsGW6ymKckVm7e4mX/LQEjtRSzPi8FuJsp64G9450paTDRKKQ5dW1cQ+ssOnn3A/LAHUUpkOkHZ3W4+cZnpeVQXM6BrD7Nz4YUmacV3J6x4ddjvRXHFckRMxcMeSLmSsBqrXDn5pba9tesPOkiVfZj8NXClyF3AS0D3gM97PRKF8rLf3W3AZ0Rcb1hj1w21TIXUx5Dmu8Vg5+ZpZ8Se/DvA+CLPl0ajUeGia+sKQn/ZwbMBcVNSbNBixdc6uQjfM3OVmXbMcWZ4j2PMsV17mj0rGk1z/bWNYb8PpWiGIWl+X0QWHooPuDWgSG82Ir5HIk14B/j/bgIhDvwUsfAPilnIIvkJpC7KK0YB/3pq4bpH/RBILUuvfqeEhNQpSK3boCLP015a3/sQZ8VPF3mebDQaFS66tq4g9JcdPH2Qz71P2AOJOk7sdL80f61ZNGi0GdGzr7lq3CwDmM+des5P1FCi7LgDSbeZFvZAypVkw2YrWUTdVDvNey2kOW05cDbwe2BsgOe8BXHku9CrAyaseHVyxeYtc/qN++tVqd5Pnm9WfHdz3YZbS0hIvYg3rouF0vquRCKKXpuuaDQqfHRtXUHoLzsctiORKSUPzfWxbXYuurtOu8KcNWyqqTqqq4lNnm/2rGg0w3scY84affLOsN+D4huXIGYFtnvcKM5osZqmFOXol7957zbg6qDfjw/MAv5K8e54dlmKRC62Iz2iiiKdupe2LX9wzmozoGsPs79us+ciKi2MHqiPJ0pESH0A2OHBOfKl9XUAHkDSQSd5cJ5sNBoVPrq2VhSfmY/USilZ2HXme91qMleOm2k6HHGkWTe6xrxyxgaTrI+ZEwce+7ehPfs/HPb7UHxnJmLRfFvYAylXUnVTu90uoPM07/0jMDSM9+MhY5G0r6AWq/8FvAGsKvZAiZXxuc31sW3ZNaenDhhubpi62GsRdSixMj43fe4SEVInAP8ERnpwjlxpfSchEfXPeHD8XGg0KhqokFKUAPgqkAh7EFEiYTVW2Slu/vCUxaZ/l+6mbugk880ll777+MKBY17u0KFDObmBKYXpBXwJ+BrB1qhUFPut2Fa3i+ms5r2nAS+E+V48YCAiajYFcK6jke/2dsQy3hUJK17dOmj2Dfl6Pt1RU2fGVw3wVEAlrfj27IikXVEespB6BnHP84LstL5Lgf8AF3l0/FxoNCoaqJBSlAAYBPwGWBH2QKJAi9U0pb3mjltnWGZc1QAze+AI89Cc89pcuJceN+oO5MJVbr1plPb5CHAA6fmi+IBT05fDNmneezfBCBC/6A68DNwZwLmqgR8AH3d7gNa6DWvsRPfHVw0wd9TUFS2gWhpiOwuZjdg9TmYUy0dyLXS9jOZkpvUdCdyDfHemenT8XHREUp6V8FEhpSgBsQIRU8U6A5U07fWIenDOajNrwHAzsfdAc2dNfZvnWuti+wb0OmYhMnHVhP1elNBYBfwF7+4mK1kU27wX+PuxfY+dHvb7cEkVkkWwA1mw+snJSNSrycmLElZj1et1G2pzpe7l226YuticOmC4e/FUHz/QXH9tY3utJRIr43MdfE+C4E1geNZjXkZz0ml9M4HXkJsIftMDqdtTwkeFlKIESAK5QFckLVZ8bb6L/jcWX2Jqh0w0A7v2NImpSw57vrUutu+UYacMRe78rQ35rSjhMw5ZDN0X9kDKFbfNe7ederaZ2PtYN817w6YL8EHEnW8b/veKWobYw6+1s3PCilcnGzautxN5yt721202A7r2MA/OWe1UQEnqnoPIkd36qKQV3+3qU3POl4BzMn72uraoFbE0fxvvXfny0Q/4XUDnUgqjQkpRAubblFeDSlvkSxfas6LRXDh6hul0ZAdz1bhZpjmXk5QV3546zA7g1hDfhhI9tiO1JUeHPI6yxE3z3vNGnGjWj59tkvWOm/eGRUfgMuC3yBwTxHjXIgvvZYV2arGapiRXbN5SbLPcq8bNMtbQifZfY8V3t1jxtW6EcMSMJkCifVszfvYyGrUEiY4/i/TmCorjgV8GeD4lPyqkFCVgZgJvIcXzFUE+e/OmSfNMj06dzbnDp5nnT78y951UK5a+AN6KNza1SvnxcaTGpDrkcZQtTpr3Du7Wy+xceGGbx2w07w2Ls5Emu7uAuQGdswlJ5zs5+wk3KXvtbbtPv9J0OrKD+cbiSwru11IfP/BAfTzRXupee0RQSM0Gvp/6v5fRKAtJr3vRo+M5YRTwkxDOqxyOCilFCYE7UlvZk0tE3Tp9uRnWo49ZPHiM+fKCC/Jf2N9bfK1FzSWUwuRdnCreYKd574NzVpsxvfrlfr5w896gWYhYU+9FFsRBcZjoLyZlz852zvCp5qLRMwpFn7ZnuC0WTQSF1FHIYvcovItG3YbMN78kfxNeP5kEvB7CeZXDUSGlKCHQC4lKzQx7IH6Ry978vplnmul9jzfT+x5v7pt5ZqGL7KEMEVWDmkso9liLjXQpxT3tNe+9aPQMc/nYU/L/bedv3hsU05Ho00+R74vfZhKZbCeVhupVyl5725cXXGB6dupifrCisc3jrXWxfW5T99ojgkIKJCL1YYqPRk1CbP0fRnpE5mrCGwQnI4JcCR8VUooSEpcg9VJlR8KKV2cuEL684AKzePAYM6xHH3Pr9OXtXWAPZdRUVKHmEoozHBXwK84p1Lx3WI8+5rF5awr+jedp3us3I5HU4N8CjYixRFAcDXyt05GdHvYyZc/OtnjwGNM0ad67c+t+K7a12NS99oiokNqKtE0oJhp1CWI5fnXq51xNeINiNvB8SOdW2qJCSlFC5KHUVjZk2ps/f/qV5tzh00yPTp0zL+Z5N7lL+u4CaxRqLqG4w5WltOKM7Oa9zy293PTv0t3WAj+rea+fDEQc+H4P3EDw6cHVwA8m9jp2R5ACKlkvGQDDevQxLQ2xnQF91kCkhdQfXL62K/Id2oNENNNkN+ENksXAN0M6t9IWFVKKEjJlJaaStbE3mus2m6vGzTKdjuxgLhw9w+zJSivJJ6JSaSZLgMeBP1FEg0ql4qmmyCanSvtkunFunWGZeceOdLbgl+a9fjAS2AIcTP070KfzFOJk4H/OHzG9OUgBlZ5PB3fu+bNunbpdGvSbjqiQehV3Qmo+8CPauv4BnI403Q2LM4AnQzy/8h4qpBQlApSFmGqx4msTU5eYgV17mtohE9t1iUpvr9U1Pdm5c+cNwA9T22UEW7uglCdHIzUp20MeR1mTbt578Zgac9W4WY4X/c31sW0e1epMBz6K1D+9gQiokR4c1w3LgH/cMGXx3wIUUIeSVnx7Kqr/QeCpMN54BIVU2qnvN8AQB6+7HvgjcFaO554E1hU/NNecBTwa4vmV91AhpSgRIS2m5jl83TjgF94PxzHWSPq/M2vAcFtNH7+z7Crzmfc1mNOPG7sfiT49jkSjFMVrtqO9pnwlYTVWTTvmmL/cfcpKVyLAZfPejohl+RbgTWA/IqRC7VvVrVO3K4B/3+Xys3AaedpvxbZm1ZwtRKIvTkSDZ0RQSKWd+p7CnkPjkNS+T5H7M5wC/Nqz0bljDXqDKCqokFKUCPEx4CWkWP5J4BpgfDuvuRK43+dxFeIU4GtVnbsc2DrDynnBfN1qMg/OWW3ikxeYZcePN0O69za9jupihnbv3QrcSLCNDJXKRHtN+c/Bbyy89FG3omBv7fqDrYNm39DOOboAy4H7kLqn7yDRl7AiT22o6Ve9/Qj4z6PzzvdNPLU0xHY211/bmMc04mikv9CZwb7z94iYkMrsG3VjaivEWUgU6voC+9yFOACGyaXA3SGPQRFUSClKBOmLTOj3Aj9PbfemHuubte8TwOpARyeMAD6H3Jm7PFkbeyN9gXxq0Tpz84nLzLnDp5lJvY81gJnU+1hz7vBp5uYTl5mnFq2LcoNOpXzRXlP+MRaZpxw178251cbeyDJH6A6cB3wRqXl6FrgKOC7oN5mPhNVYtWzwuJ9M7H2seXbpZV6Lp0PpXk82onafRyJ0oRExIZXZN8qicLrjVqQean6BffojC+f+nozOPes5vG5LCQcVUopSAoxHolNPItGqlxDr0xuAfwCfTP0/iO0m5C7wf5B+LDe+r//wHZePPcXMGjDM9DqqixnSvbdZdvx4E5+8wDw4Z7V53WpqsyhIrIzP9e+jUpSCrEV7TfnBeWTUbNhp3lto++7ya8zGCXN/VNWxy/OIeNqB/O6ybySFTrJhs7Xs+HH/N3vgCPPDM671RDzlSdlrj8uRa0OoREhIZUajQNL0fpNjv+mII982xKGvEB9GIlJu2YA3C+8Y6mgbBSYBPwt7EIqiOGceImruRy4MQYmop4G/IW5Ft6cfXzP0hIPJ+pj5zPsazHeWXVU4LUUjUUr4aK8p79lClt18e817s7ddp11h4pMXmJP7DTE9OnU2K4ZMMFtnWObFZVc/GHIT35wkrMaqlvqmHetG15gFg0b5nbLXHlORBfpUb9+lcyIkpDKjUWmyRczVSG+oS2we89e4r8GbkDq/F0IqkdqUcNkIfDbsQSiK4p7rkWiU35wLtCBphNMyn3CSxtNSHz8QwFgVxQ7aa8pbvkOOlKhCzXuT9THzwulXmSvHzTITew80vY/qalZWn2AemHWW2Vu7sc1+NuunAiPdL++mE083w3scY6vFQz7xZDNlrz1eQiJSoRMRIZUdjUqTFjFVwMPAC0hUwQ7rKM5y/Gm8i0jdikSllHD5JvYMTBRFiSjfQvpZ+MVCJH3vReC07CcTVmOVkyaTGo1SIkY12mvKK/4O9Mz3ZHbz3i8vuMDUDZ1kenTqbFZWn2DL6TNZH8tVPxU4aRH1yNz3G8A8Mvf9bkTUIQ/fxxakNioSRERI5YpGgYiY05CbKLc5PObLuL/eZqaAeSGktiJ1Ukp4dEN+l93CHoiiKO7ogvwRd/Hh2JOA/0b6sazJt1PSim/XaJRS4mivqeKZCjS3t1OLFV9778xVZtaA4ab3UV3NZWNPMS+cXjgVuICg2uWwfsgTkg2brb216w/uWdFohvc4xtx04umuolAepiqeibj0RcbaPwJCqo78tWL7EdHvVMQORyz23ZKZAuaFkLobce5TwsNCIlKKopQopyMRKS/pD9wB/BnYXGjHxMr4XEeLB41GKdHmvxFLbcU56ygsRLsg9Wh7O8MvN0yu+Xt26p7bTZr5uqopckyLFV+bPu+CQaPMutE1YUahQMwT/oBkDkSGCAip54Gzsx4bhbg9PoE7IXMO8KUixpSZAuaFkNpOgZucSiB8FhHIiqKUKJ+kcK8Lp1yP3Km7Hejd3s7NDZv22l1AtNbF9nk4TkXxi68Dnwp7ECXI3UjRfjZVQBz4LVJDZcG7dVO2o9l2BZWfEapMEeXGXMLjKFSap5AeWpEiZCG1DHg167E1iLnMptTPboTMVtzXU2angHkhpB5F2qEo4fEz7NfXKYoSQV5FmuEWyzrgANKjZaydF6SsjW0vItTuXCkRuiAL/kTI4yg1Xgbel/HzSKRu56/A44i99GG0WE1TChlRuNpqY7u8nm9aB82+IX18F+YSXrVi5IYAACAASURBVEeh0nyQwj2RQiNkIfUMcH7q/9WIyH8NmJmxjxsh831gtssxZaeAeSGkngTO8OA4ijvU9lxRSpxjkd4qxXAG0jvjGWCOkxe2NMR22l7YWPHtRY5TUYKkP7APTdmwy1HIwvAooAbp93QQEVLVdg6QbNhstdTHD3gaoWrYtLe1bkPRqU/N9bFt6WM6NZfwKQoFksr3ByS1L3KEKKQWIrV6k5EG9u8gmRtHZu3nVMhkfsfdkJ0C5oWQ+iaw2IPjKO5Q23NFKXFWI7nebpgBfAVZLK5y+uKEFa92sKA5FMX+L4rSDiOAX2C/t0wlMwsxpXkJSeHbhKT0OSa1AHfdxDdPhOqN1roNa9zMQ5kiyqG5hF9RKBBTiZ8gJhORJEQh9T0kOvoW8CHyp6g7FTKzkYiUW7JTwLwQUs/jPkKmFI/anitKiXM/cKXD11SnXvdb4Cq3J7Z7kUzWx0xz/bWNbs+jKCEzBfg9hxetK0IXoBH4HRIdOQ/oWOxB/aifSta/14fKjqBKN9rNfL1dc4nWutg+n90EP49E+yJLCEJqOZJd8U/gGg6PQGXjVMg0ITVSbjgfET1puiP1WsXyA6QXnhI8anuuKGXAL4BxNvftBtwE/D/gRqBzMSdO1sbesJXWonbnSukzG0kPWhb2QCJEF+CjSPreV5E7s+u8Pokv9VMpQVXI6S9hNVZlG+nYNZdorYvt8zkCfzn5bb0jQ4BCajXyebwMvIL9m4tOhdSXENc+N/wEWJTx83Dk+l0sr6NGB2GhtueKUuJMxH6R4zXIHeN78CCf3onluc/NFhUlKJYhYkrTaOTO/xuIMc3E1GPNSB8pX/CjfiotqLIjR7lElF1ziQBE1FREAPj2WXtFAELqcqAFaf9Rh6Sr/4+D1zsVUm8iAsgpMaStQiY1FJcmmOYniKW7Ejxqe64oJc4G4K529jkbaTy4EzjJqxM7SesLqreLogTA2UiaX+ANYCPCcYiJRCtSE5WmJ9IywXf8qp9Ki58Wq2lKtoiyay7ho6lEJi8hAiLy+CSkuiNW+r8CvgzMz3juYeBaB8dyIqROQr73TumLuFZOzHr8DKRGuVh+CRzvwXEU56jtuaKUOF8H6vM8Nw94Dim69TwdyW6qTUtDbKfX51aUkLkESckZEfZAAqQjYh7xe2QRm10DNR+xiw+EjPopzwTVq3Ub9q0fe8rGa46v+fuV42aZ9HbxmBrTu3M3s2DQKJP5ePbWMPSEvcANRWx2avC2ILVRJYHHQmowcAsiSrYBJ2Y9PwX4X9qvi8rEiZC6ObU5ZQu5a9nWIbXKxfI7oJ8Hx1GcobbnilLiHAX8G7k7l8kE5K7cz4EL/Tq57QWKf45VihImGxG3y/5hDyQAapCo9lfJb2PeRAjGBwmrscpthOqVMzaYe2euMpeNPcWc3G+I6dGps5l2zHHmglEntxFIw3scY6Ydc5zfIsqOkDoTSeM62vtP0h88ElLjgM8A/wE+Tf40tu3AdZ6+gba04jyrYyIi/PrmeO4DSM1ysfwV6OHBcRRnqO25opQ4y5C88DRHIAuZt5E7xq5wkrKnWzjb3tr1B5O1sV2tg2bf0Fq3YY3PzmBKfhJIFKZLyOPwiyrgPqQupL0bIo8ibn2hkLAaq1qs+NpCNVQvnH6V+eTJZ5jzR043Y3v1Nz06dTZzB44wGybMMQ/OWW321m487DV2zCUCqgEdgjgiLgzgXJ5RpJCqAR4E/oSYIxW6aTEeMT3p6vmbENym9f03Uh+Vi63Aetcjeo9/4YFLpuIYtT1XlBLn07w3QdcAe5HO7bnufNlGhVTpbs0Nm/Y218e2icBaNUdr0wLhU0iKbbmxFmmP8AkOj3rn4ufAWD8HlI+E1VjVXB/blu0i+tSideaGqYtN3dBJZnC3XmZwt17m9OPGmRumLjZfXnBBu39PdswlWqz42oDe5lPABwM6l2e4FFJLkOjnG8hdfzvusvcgUT2/cJPWtwiJIObjEdw7AGbiRS8qxRlqe64oZUASmIbc0XoHuMCLg6qQKq8tHb1Krti8pbVuw5rWulVzvPieKG24j8MduUqVsUiU7SUOL47PxwAkahA4LVbTlL216w++csYG8+Cc1aZp0jyzYNAo06NTZzO2V39z1rCp5pMnn2GeXXqZo78bO+YSAYqoDyJCquRwKKTOBF5AUmad2OiPAP6Gy+bPNnGT1vc80jsqH98CFrge0XuokAoetT1XlBJnFPBrpBbqeSStwRNUSFXG1tywaW9LfdOO1kGzb3i9bkOtRq+K5qHUVqp0QQr5f4/zXlCnA894PqLCTATWLT929O/TaXrv619tLh5TYz57ysp2LcoLbXtWNJrhPY4xN514er59DgVY+7kQSekrumVFGNi5ntw4banp1/Xo/0VE1JkuTnMn7kwg7OImre8S4Nvt7LMfbxzfVEgFj9qeK0qJcyfwF+DjXh9YhVSFb6noVbJh43qNXjmmVMVUDbJQ3Ia71OAPIyLMLwYid4BvAZ5FamH29u9R9eSN05aaJxde6OnfwIJBo8y60TX5nj8UYE3i0UhqmBtxEQnyXU/2WZtM06R5ZnC3XmbuwBFm0wnzv+jyFMcjpkt+mr44TevrBbwFzGxnv7eQaG6xqJAKHrU9V5QS5oNIKt+n/Di4CindDttqY2+kzS1er9tQq+YWBSklMdUFqYF6A2mw65avAA2ejEiK5msQq/XHEaOLN1P/34T0ruoO/sxVZw6bYpYMHpvv+SBFFIjNeeBOiF6S/Tt6cdnV5vKxp5ienbqY5cePfzd1sgjDjk+mNj9xmtZ3R2orxBGIADrC7aAyUCEVLKOBA2EPQlEU5xyHFOB+FfgH0MePk6iQ0s32Vhvb1Vwf25aOXgXQiLRUKIWFTWYUqtjf26+BoS5fmxZOceAbSLTpJST6ZCHRqJx4PVddMqbG1PQfmvO5XXPi//rhgg2nunyPbrgc+RxKlnT9WrI+Zr6x+BJz3ogTzZFHHGHOGT7VPLVoXZvP16WQ6o9Eo/xsRtsTyf6wy0wk0tSrnf0GpPbzglKYb8qJdcAXwh6EoijOaECa7n0QcQLyrfGlCinditn21q4/mK69quDUwCgvbLyKQqUZiggpuxQSTkux5xAIQGJlfK5X39umSfPMuKoB5vsr1ufdp7lh096AbhZMRb5DUwM4l288UB9PPD5/jakbOsl063iUuXhMjdl12hU5P1uXQupmJM3dT8YAP3aw/7eR+qj2mITUSHlBlOebcuQLOK8jVRQlRD6OWAsvyvj5w36dTIWUbl5vzQ2b9qZdAyvE1CKqCxsvo1BpGpDUvkIMRG4CFSWcctFaF9tX7PfzY9NOM4O79TLfXHJp+9/l+ti2YsZrk5eQiFQpM3909wGtA7r2MBsmzDGvnLGh4OfqQkhVIU59I7wfehvmAbtt7mvHYCLNAtr2gSyGqM435coBJL1PUZSIMx5x5HuYtmkC+5AFkS+okNLN721v7fqDzfWxba/Xbaj163ustKEj3kahMrmF/Dd2pgBfBP6KWMQXLZyyabGaphRqwtvedmdNveneqbN5bN75tl/js+35FqQ2qlSpQwRCy6rh056y+5m6EFI3IL2j/OZc5BrcHnYNJtKcg/SR8gIVUsGh9VGKUiJcAPwHeCXr8aF4l1edk6KElBXf7efYFGk+mlgZn9tcf21j0opvT1rx3WELIxVVkWYgsAsxa/AjLe0ZxP48Eyt1zt8iC968dU5ekLAaq/Zbsa1OBdW2U895G/h/nz556Z+dfmd9Mp04E3HpO9qHY/vNWuBlJJq2GhxdS5yaeHRFIpuetf0owCbgdhv72TGYyGQ9sNXViA5HhVRwaH2UopQAdyPNLXM1e1sHPOjnyd0KqZb6+IEKSduKJC1W05Rkw2brgfp4ImnFdxdzl15FVdkwHYlCfdDHc/wJKZzvAlwF/BSp/ViXeiyqTAT+FzgnYTVWOU0R9EFMDUH6RS308Jh+cyRwDSL+niYr2umwGa8TrgO2e/EGbHA7IqYKYddgIpObgA+4HVQWKqSCQ+ujFCXinAT8mfz2yY9RuFN60Ti5i5gWUPut2FZ1bIsm6ejVfiu2tZSiV3tr1x9MW6631m1YU8HGFW5Zi0SElvp4jgWpc9yCRAi+4fP5vGIQkASuTD+QsBqrnN588FhMPYW/gtdLegMfQsTDo0AbN8MWq2lKc31sW2tD/B8+CKkjEQEclA39w0h6XyHsGkxkcj/eLchVSAXHAbQ+SlEizXOIsUQ+DgLH+jkAH+8iKhEhYcWr09GrlobYTi8K9gPbamNvpF0BtadVXrYgUaGRHh2vGok2bEKMKl5G6p5+DfwK+CgS4SkFugAvIkKgDS1W05T0DaKAxVSp9B4bhfRsege4F5icvUOm5bntrSG+3cEYrsVezZJX7EYMJ/LhxGAik68AZ7gZUA5USAXDCmBP2INQFCU/E5AJ8aw8z88hgD9iFVKVS2JlfG6LFV+bEb1ytKgMc2tu2LS3uT62LW27XsFppiORBrZuTB0ym+FmCqZWYAcSeTobiQZ0QQRbU/FDDpSvUKDJbYsVX+v0u7e3dv3BIr5vpSCiFiLZEAcR19jqXDslVsbnOhZR9THT0hDb6WAs/wPMKPod2efHiAV6LpwaTGTyfbwzjVIhFQxP43NGkKIoxfEShY0kPpbafEWFlJJJwopXJ1bG56Zqr7aXVPSqPmaStbFdyRWbt1RQ0+APUkAoZJGvp9MnaCuY8vEdYL7rkQbP57HhiJe04tsdf88aNlsuxhN1EbUOuXm3D7gC6JS9g0S3N65P1sbecPs36kBIXQk84d3bs8VfkKa8uXBqMJHJL4DhLl+bjQop/5mJ1H8qihJhDNJgMB97kKiUr6iQUuzQYjVNabHia9PmFskSil6l66/SEazX6zbUlloNVmvdqjnJho3rW+qbdmQuYsf26m8enLM6x3veaJ5ceKG5s6bebJgwx8waMNz06NTZnNBnkLl4TI25d+aqdnv9ZG9dOnQ0P1jRGOrv0UFa3Rba73cFSL2U0xsGLubDqIqoocgNu7eAncCyXDu11m1Y01LftMOT36X91L6fArM9eZf26IkIqVy4MZjI5G28awWgQsp/HgYawx6EoiiFMYjZRC6ORe4W+44KKcUt6dqrUjO2yF6cR01kJax49et1G2qTKzZvSdbGduUb+00nnm5O6DPIvHD6VWbDhDnmrGFTzfv6V5sBXXuYHp06m4m9B5rTjxtnrhw3y5VwytyemL/WjOzZNxK/Lxti6kNIXZRtF0HH9VKWozqfKIqo2UjPr78httwTsnd4vW5DbXN9bJub9D0PriUXI4YcQTIGSe3LhRuDiUy8FD8qpPxlHPBHckRkFUUpHc5HctR9R4WU4iVp18CWhthORwvTCG5pkRVEqmDa+cxuytSu064wPTp1NrMGDDfdOh5lVgyZYG6bvtw8Mvf95rvLr/H8s7hx2lJjDZ0Y+u8k/XspIKauRBz6Brn5Hdj+ztrvoRc1EXU+kqKZBDaQFSVJWI1VfoinzM3mtaSZ4K3h5yFmE9k8QfG9hFRIlQ7/BdwY9iAURSmOBwmod4EKKcVPkg2brVQNSkmLquyFvBcCS1LKNqxpbti018n5rxw3y0w75jjT4YgjTd3QSebpxZf4/p7PHDbFXH/CwtA/+8zfQQ4xdQ5ile3aUTDZsNmye34bh4uKiBqIROneBL4O1OXaya15hNPNxrXkfKTxc9CcS1uHwC5ILeHdHhxbhVRpMAD5fAeEPRCf6IvUyZ4X9kAUxW/eQnLXfUeFlBIU5SiqwtgAM3fgiEAEVHqb2HugeXjueaG/98wta05aAvwTD2pqHPweChEFEVUDPAD8G7gLmJZvx9ZBs28I6feWi1fJU6vlM5uQhrwAfYDngU95dGwVUqXBjUhEqpTJFEsfQeahPUi64h9T/38o9ZyilCU1iGtSIKiQUsJARZX7bfHgMWZ/XVNg53vN2mQA85q1KfT3nrllzEnpxuZunPQO/27a/E4mVsbn5jlE2CLqLOBbwM+AGCIKcpKwGqsK1eH5/HvLxdmIgAmD2xExdRzwCtIvzStUSEWfTojQGBf2QNqhK1LPtwi4kPbF0nnIurJvGINVlDD4MNK7IxBUSClhk7Aaq9K1VaVsXBHUFqSIStbHzMNzzzMTew8M/X1nb6k5aQTwBrKg8AS73788c2JYIqoPIpp+hoiofP0JgVRa6aDZNwSRymfzc0vzEnlSDwPgYWAjUj92ncfHViEVfRoJtvlzPgYCJwMNSB3jFqRO72UkW+kd4CfAc8DngAQqlhSlDd9B7jQEggopJaqUfE+rMtmuP2GhOXPYlNDHkb09tfDyW5E0sE1efu+c9JXKqtMKQ0RNQ9L2/o2k8bXb9LW1bsOaYvpA5f0sll79jp398lxLeiMNULd5+eE45BWkxm69D8f2Uvz8Bhji4fEU4ae4a7bshiFIBD2BiKHnEHH0DiKWXkbE0xZETDUg4mpgQONTlJKlD/D3IE+oQkopNVqspinJhs3WA/XxREtDbGdLffxA2Iv6ct6soRPNjdOWhj6O7G1Ij16/oHAvPlfYnROT9THT3LBpb+plQYuoOsQ44k3ESKLdBVZiZXyuU2MTO1tLQ2znuz3mbOyf41oyAXgduMnrD8kBMxEx+iGfju+lkHoKj9JYlXc5HxHyfpAWTTciv7vfpLanUo9diNw8H4Ok7SmKUgRnI00RA0OFlFIuJFbG55Zq0+AobyN79jVPzF8b+jjS26u1G82SwWPNSX2HvOLH98iuc196G9ur7w8JRkR1R+5OJ5HMhfPtvChhxau9roNqqY8faK6/tjFhxavT53F5LVkE/AGxrQ+LxUg/rX8gTXn9wEshdSNqz+01e4AVHhynPdFkodFERfGVBwj4gqJCSil3Eivjc9MRrKQV316yIsuK795vxbYmGzZbmQtYn+lJhKLkW2dYZnC3Xubc4dN8nZPsppEuP368mdh70Ot+jSPFBKRp7t+QJroFnQnTDZ1bB82+wWMBdShpxbfn6+Hl4lpyPvB/hFcTBbKwNRn/+oWXx7YIvllxOXMl8KyL16loUpQI8iYwKsgTqpBSKpkIi6xDLQ2xnc311zYWcIcLgvlI9CMwcs1JLy672lhDJ5qRPfuae2au8n1OSjXnzfv72WdtMsuPH2+WHz/ez3EsQzIU3gI+RoGWGC1W05RkbWyXL+YRVnx3smFzu6lkDq8lccQkpN2aLh85FxGni1M/l4qQGoIs2JXiOQ54GzjRxr5jUdGkKJFmGpKyESgqpBTlcPI4CfousFrrYvtarPhaNw1+faIJKXgOjOw56aYTTze9j+pq1o2uCXRO2m/Ftub6Hd11ykoztHtvc/bwqX6MoxNwBdICYw82GrO3WE1T/HLfc/Le7F5LThwwbA/wXcJdeF4M/I625gKlIqRADSe84kHaT5OsB76KfF9uQ0WTokSWGPDpoE+qQkpR7OOTwCqYMhUyjyLWuoGRnpOeXXqZWTx4jJncZ5D54uzVgc9JuebG80dON4O69TR31NR5PY4eSNuLg8BjwEI7L/JRRB1yGglNrIzPLXTM/XVNZvHgMaZP527PAh2dfkAesh44AEzNeryUhJQaThTPKsTkJBeDgOuRdgLPA2sDGpOiKEXwLULo5q5CSlGUAvwcSWkJjAfq44nrT1hkunToaK4ef2poc1Lm3PjArLPMqJ79TEP1ZPPyGRu8HscFwG+BO3CQ2u2biLLi291GRPPVln1r6eVm6jGDzbLjJvzKzXE95Dok82NMjudKSUip4URxdELmttOyHl+IGMe8g7QVODngcSmK4pLuiPXqUUGfWIWUoih5GAD8KeBzThzfc/AfZ/Qbar7UjlNgUEJq3ega07fL0eaTJ5/h9TimIhbmLwCnOnlhsmGz5bmIsuK7izUxabGapmS3I3hk7vvN4G69zBXjZh0M0CQlFx9FekUdl+f5UhJSajhRHLcD96T+3x24GulJ92rq/91DGpeiKC6pRy6ogaNCSlGUPJwOPBPg+WLAv2OT59ta+PtlwpGwGqua62PbHjhp1W8nVA00K4ZMMN9dfo3Xc+PNwF+Ba5yOraW+aYeXAqq1LrbPy88yYTVW7bdiW1vq4wfuqKkzwP+7ZMwp3wy57u9TSIpWnwL7lJKQUsMJ98xGGi8vQKJO7yBRKFvptIqiRJO7kP4ggaNCSlGUPHwYuCWA89QgUZknr5224Dy7AsCPgaTT5a4YN9P07NTF3HziMq/nxlXAT4HPAce6GZtXAqqlPn6gxYqvdTIGh1yJ9Iha5OM57HA38A2gSzv7lZKQAjWccMtPgR8h9U/XI/VQiqKUOD8DJoZxYhVSiqLk4StAg8/n+ChwCLgE7M9HSSu+24/BbJ911o+nHjPYLBk81uw67QpbgsTm3DgKMZHYy+F1GbZobti01yMRdeiB+njC5wjRTUgh/wQfz2GHLwBP2Ny31ISUGk444zbE6vy3SBaQoihlwgikf1QoqJBSFCUPv6ZA76IiWYDUIzwEDE4/mHJBDGU+mtDr2Pu6dOhkElOXOBImNsbyAWQh/QG3Y7MtMNuJQBVjJGGTIcA24Gmgt4/nscMTiJCyS6kJKTWcsMdIpBfeY8jvIZfRiKIoJcxq5A88FFRIKYqSg8FIHYHXdEDqVX6NNERtg11R4HF91BTg26N6HPOjby651LFAKTA3noZEoB6jiEbr7TUHbjfytDI+N4D6pLHAZ4F/Ap/0+Vzt0QVJ5bvb4etKTUip4UT7LAd+D2wCdiB1mIqilBn/BVwb1slVSCmKkoPTgGc9PmYt8GPgXqBX9pPt9SHK3Dwc00bEMfVqt1GfHHPjsUgN1E+RmijXFFEXdSigvmTTgO1IeuaNQN8AzlmIPoipxKdcvLbUhJQaThRmEyKiliN9oL4X6mgURfGNV4D3hXVyFVKKouRgM2IR7AW9EPH0Y0RM5STg+qhxSPrZ06n/u06fy5obr0Hc+G4udoARF1GzkEjbb4A40M3n89nhOOR6+lGXry81IQXQCpzk07FLmfuQdL6RQBUSXZ8d6ogURfGF7sD/AUeENQAVUoqi5OBBYI0HxzkXSeP7FJLWl5cA66OuRqJQGzMfLFJInYo4D34d6Q9VFG5FVEtDbKfPaXyLkXSyn+HQut1nxiCNdq8r4hilKKRuxgPRXkak66Huy3jsHry7KaQoSsRYhKQhhIYKKUVRcvAakrbllsGIkcSriLFEu9gVC0XURw0HngS+jdRFtcGNkNqzotHUDBi2B3ECu8DluNrgOhLVsNlPBzcL+dxeB9b5eB43TAUOAOuLPE4pCqmTkKiU0rYeKs1pwM+BTqGMSFEU3/kQcGuYA1AhpShKFh2RhV9Hl6+/BKmZsZ1iFUB91CXA3yjgnOdUSCWmLjF9OndLC6keLsfVBrciysf5+Vzg+6ntMHOQCDAT+B1wsQfHKkUhBZreB23roTJ5nSLrFBVFiTZfJ+Q+ECqkFEXJYhoSkXLKaCTi8wLSZNc2PtZHDUZqeb4LnFxox5Q73qH2xvDgnNVmRr8hZka/IebBOas9nRvd9IpqrYvt8+r8GaxDFqHfJrq9ihYj4tgrgVeqQqrS0/sy66EyuRFJUVYUpYz5EzAwzAGokFIUJYs1OF+AbEDqjlzZC/s0D61B5tiP2H1BITG1Z0WjWT3iRNOnc7c2vaa8mhub669tdJzO572xxDVI/dNTiFCJKhYiTrwUeaUqpCo5vW8DYhiTzYlI893jgh2OoihBMpkITH4qpBRFyeJ2xLXPDtOAbyF9eya6PaHH81Bf4IuIg9upTseSS0yl0/hWjzjR7FnR6PncmLAaq1yk9Hklorohznu/QaJ3szw4pp+ci0SivBZ6pSqkAJ4DLvf5HFFjAvK5Tsh6fBTSuuHKwEekKEqgXIp0gA8VFVKKomTxLFKk3R4fAv4OXFXsCT2ch85GjB+Kqj1NWPHqpBXfnp3G59fcmLTi20MQUX2R9KdDSC+oYsxFguJipCZqpg/HLmUhdTISfe3n83mixNNIRCrNEuBx5HP4eCgjUhQlULYhYipUVEgpipLF/yK1Rfk4FTEfeByo9uKEHsxDPYD7gf3AQg+G1Au4A/jjhik1f/dzbnRitOGRiOoDfBL4J/BZYGwx4w+Q9Yg7X9H28nkoZSEFIh7ua3ev8iCd0tcRuAz4YWq7DPcmOYqilBitSHpfqKiQUhQlg8GIkMrHrYg71lovT1rkPFSHLLC3eDScS4C3ECHVqz0TimLnRocGE8WKqEbgILAVGFLMuAPmOqRP1Bgfz1HqQqoj8AskMlPOpFP6PodEnx6n/N+zoihZDEQmgNBRIaUoSganIal9uR5vRlLAPE8fKmIe+izwE2CZB8OYibjUfZus1LFCYqqYudGx5br7Hlp1wF5gJ/5FdPzio0i9m9/GAaUupEBSW38Y0LnCYAlyo+fvSARuVLjDURQlLCzE+jx0VEgpipLBZsRsIpP/At4AVvp1Upfz0J3I3ejORZ5+KBJ9eguJRuUkn5hyOzcmrHi1o5Q+K77dxWmmIuJpLyKmSo1PIU3r+wRwrnIQUiB/E9cFeD6/yUzfexNoQdP3FKXiuRUp1A4dFVKKomTwIGIbnuYe4FGgq58ndTEPXY/0jilmQTUJeX/vIDVDvdp7QS4x5XZuTNbGdjlJ6UtYjVUODt8HSd87iKTzlSJ3I26QXQI6X7kIqdGp840O8JxeMxioRaJO6fS9S8jt0qcoSgXyPLAo7EGACilFUdrwGu+5t30c+GYQJ3U4D10E/BT3qV6nAI8gtV4fxmG0I1tMuZkbnfaMaq6/1okYyqyDCiKS4wdfAJ4I+JzlIqRAIlKPB3xOt/RBrOw/gPzO/weJDn8dcZVMp+9lu/QpilKhHAH8H9A97IGACilFUd6lI7Lg64gsar5PQPOU3XnomknzHgL+ijTcdMpSpNHsz5EFrvb6agAAHhFJREFUmetoVqaYcjo3Jqx4tZOeUa11sX02D13KdVCZ3ArsCOG85SSkQFLhzg7hvIXohrh+bgAeAn4E/AWpS/wEcBYwMsfr8jXeVRSlAnkfUjgbCVRIKYqSYhoSkboCWeD4Xdz/LnbmocfnrzHITSinxhJnAi8gIuMir8acFlNO58aW+qYdTqJRNlz6Sr0OKpO1iKOtkzRGryg3IbUEcfELq57oCOAkpL7pfmAf8C/gJaS+cS32mnjna7yrKEqFci1SvB0JVEgpipJiDfAi0tDWzgLHM9qbh3addoUZ0r23OXvE9CcdHPYiRFy8gIgpz2mxmqY4SbtLNmy2nIio/VZsa4HDlUMdVCY1yIK5JqTzfw9/DFVWpo4dBvcRXHPaiYg4uhMRS/9CxNP9iJg6CRFXTtGUPkVR2vAYsDrsQaRRIaUoSoodyOJnZns7ek2heWh/XZOZdsxxZv342XbmoY7IouvnSBrfUr/HbpeE1VjlJKWvpT5+oIDBRDnUQWVShUSi1oY4Br8Ej18CzQ79ELOGkz0+7kgkDe8TSFreX5Ao9kPI39+pSBpfMfQFnkH6RSmKorzLm8CIsAeRRoWUoiiIePoPcEMYJ883D+1Z0WgWDx5jVo+Y1t481Acxjvg9YiRxSlBjt0vSim93Eo3K0zOqXOqgstmB1EaFjR+iJ4y0vkwuR24s3FDkdiNiAPEWYgjxBFJLuRjvxfwUxOb8Ro+PqyhKiXMs8LuwB5GJCilFqXgmIul8hxDb4cDJNQ8lpi4xfTp3M6tHnFhoHhqBWJe/g1iZTwp67HZIrIzPLTKlr5zqoLIJy1wiF35EpcIWUlC8iErfYKnF/zliGfBn4FKfz6MoSgmyANgd9iAyUSGlKBXNcUhKzm1IalUoZM5DD85ZbWb0G2Jm9BtiHpyzOt88dCrS8+ovSHrR0LDG3h4Jq7EqWRt7w4GQyuwZVW51UNmsJTxziXx4HZWKgpAqFS5FRJRTQxlFUSqEq4HPhj2ITFRIKUrF0h2xOP8AcHNqC4X0PLR6xImmT+duJjF1Sc55aN2YWY8jNRk/QmoxfG0U7AX7rdhWJ9GoZMNmK/XScquDyiZsc4l8eBmVUttu+9yIpPO151KpKIrHeBGythPS9iLn/rOImIoMKqQUpWL5Ju85erUirlqh8EB9PLH8+PFm+fHjzZ4VjW3mnldrN5rY5PlmWI8+ZkjnXm8gRe4lQcoi3baIammI7aR866AyiYK5RCG8iEqpbbd9PocYS/QNeyCKUokEIaRuQmw83wTuBlYAR7oY624kvS8yqJBSlIrkUaSmCERAhZbWB9C3y9H/O7pXP3PluFlttgtGnWyO7niUWX78ePPF2atLah5KWI1VzQ2b9toVUY/NWfXXDh06fI3yrIPKJirmEvnwIiqltt3to858ilJhjEX6QH0L+DvwOHJHrZ/N1/8OMZyIDCqkFKXiGA0cyPg51LQ+gAWDx+zKFlFXjptlkvUx880ll5bkPGS38e5Ly9eb94+cbpBrSjnWQWUTJXOJQhQTlQr95kQJoM58ilLh9ENE1OPIBfBbiMgam2f/yDn2gQopRalA1gFfyPg51LQ+KL95yO77iU9eYHp06myWHTfxV5ReHdQg4AycZXfsQCzqb3H4ujC2R4FfunztC6nN75KDUkWd+RRFacORSLrf3Uj63z4kHTCzripyjn1QfgsYRVHa5QuImIKI3Dkvp3ko2bDZau993FFTZ8b26m/mHzvKPDZn1V8TVrw67HG3Qw9gHtCENJX/BSKIvoFc1+ws/O9Daobus7l/FLZfIoLK6et+D9zr89hKFXXmUxSlXU7h8Lqqe4C7whxULsppAaMoii0OIOl9EIG0PiifeajFapqyt3b9wXzjf2L+WjP/2FFmbK/+5o6auii/p+nAZcADwGtIn64XEQfB1cAYh8eLurlEPtzUSj2U2pTDUWc+pSIxYQ+gxEnXVf0K+CfO66p8pVwWMIqi2GI+coMnTehpfVAe81Ahc4n9dZvN+0dONz06dTbxyQvefby1Lrav/SP7zhhEHG1FxNI7iHh6ABFT0z04R9TNJQrhpFZKRVR+1JlPqVhUSHnDbqAeZ3VVvlMOCxhFUWyznfecxCKR1gflMQ/lM5f4wuxzzeie/cxZw6aal5avz3zuUIvVFOSd+b5Iz6bzkMjAN5AUtF8g6XpNSPpeD4/PWyrmEvlIR6UGF9jnJFRE5UOd+ZSKR4WUN2Q79uWrqwo05F0OCxhFUWzRB5nP06YGkUjrg9Kfh/KNv3HCbNOjU2dz2/Tlh7+f9xrvekmmWPoIsrDfA/wxte1JPfYRxChikA9jyGQtItarfD6P39yO/O18j7Z1Sjcj76+ViPwtRQx15lMUVEh5RXuf4ymIk9EvkIvdBvy/yJX8AkZRFNtsQCJSaSKR1gelPQ/lMpd4dullZvbAEWb2wBHm2aWXef0+eiG/t9W0L5bOQ4RVGOlUNch1ryaEc/vBYHIbPkTibyiCqDOfoqRQIeUNTj7HxUh++tvAV5GLYSc/BmV3AbPfim314/yKogTGPqRGCmAh8GqIY2lDqQqpXOYSt01fbnp06mwaJ8zO+R5aGmI7bRy6A5LyfQawCXGA2w38BvgL8EPgEcIXS/koVXMJxRvUmU9RMlAh5Q1uPsdOyEXyq4ioegARWZ5hdwGTrI294eV5FUUJlOwmvI8AV4UzlMMpRSGVy1zirGFTzeie/cwXZp+bc/ytdbF9CasxM83tOETcXoakj30V+DFyvfhx6ufbU8/PT+1fCpSyuYRSHOrMpyhZqJDyhmI/x0FIas4eJP3vlqJHhL2eJ+mtBHqdKIqSm8wmvMcDfwO6hjectpSikMo0l3h8/hozoWqgOXPYFLO/bvNh496zotF8YvLKt6u7974HEbE/RCJLv0EiTfcikaczkEhUh5DelhdsAJ4OexBKKKgzn6LkQIWUN3j5OU7BmSVrQewKqeb6axu9OJ+iKIGT2YT3BuDOEMdyGKUmpDLHm5i6xAAmMXXJu+P85pJLzW3Tl5uzh081Y3v1N106dDL9ux79GvBRpLbpJKTWqdyYgFzrJoQ9ECVQ1JlPUQqgQsobvP4c3TQKzElLQ2ynnUWMzdx+RVGixwHea8L7P8DU8IZyOKUkpDKj+GcOm2ImVA00t0xfZq6bvMAsPW6sGdi1pxnYtadZetxYc93kBebReedHYtwB8TTv2esrlYE68ylKO6iQ8gY/PkdPjtlcf22j3aiUF+dTFCVQMuujzkbuHEeKUhFSaXOJx+evMf26dDcDuvYwXTp0MmN79TdnD59qbpu+3HxzyaWVegNKU/oqD3XmUxQb6OLZGyIrpBJWvNqukPKp94miKP6RWR/1DCKmIkUpCKm0uUQ6lW9S72PNPTNXmT0rGvOON4e5RLmiKX2VhzrzKYpNVEh5Q2SFFEBLffxA1BcyiqK4Il0fNRVJ64scpSCkWuqbdpw5bIrpdVQXM2vAcDs3ng61WE2V4lymKX2VhTrzKYoDVEh5Q6SF1H4rtjXqCxlFUVxxAEnvu5P3mohGiqgLqfT4ALP8+PEavW+LpvRVDrNQZz5FcYwKKW/w+nPshYTVPSHqCxlFUVxjEKvzvyHW55EjyvOPkxYRFThPakpfeXM0Ymz1APBbpIn3TaGOSFFKEBVS3uD15zgBCa17QpQXMoqiFIVBmu8+EvZA8hHV+SdtLuFERFWQuQRoSl85MgKZL76OzB1fT/08IsxBKUopo0LKG7z+HJfiYTpFVBcyiqIUjUHuJC8MeyD5iOL840ZEVZC5BGhKXzkxC4k0vYpEnh5AIlFHhzkoRSkXVEh5g9ef4zrgfq8OFsWFjKIonmCI+DwetfnHjYhKVpa5hKb0lTb5UvZmhTkoRSlXIn0BLiG8/hwTqc0ToraQURTFMwzwUNiDKESU5h+XIqqSzCVAU/pKEU3ZU5SQUCHlDV5/jvcjUSlPsLuQSVrx3V6dU1EUBaIjpNyKqAq7waQpfaVDDZqypyiho0LKG7z+HJ9G6qQ8IbEyPtfuosGrcyqKokA0hJRbEVVh5hKa0hd9FgCfBn4B7AduRlP2FCVUdOHsDd9D7gR5RQseXswSVmOV3YVDYmV8rlfnVRRFCVtIuRVRFWYuAZrSF0WOAM5AslTeAr4PXA9MCnNQiqK8hwopb1iJiCmv+DPSS8ozWuti++wsHprrr2308ryKolQ2YQop1zVRlWUuATAZ+GnYg1AA6A6cg7Q0eBv4FtAIDA9zUIqi5EaFlHfsBi7w4DinAq97cJw27LdiWzWVRVGUoAlLSKmIckQT8F9hD6KCGYDURX8FWZd9JfXzgDAHpShK+6iQ8o55wBvAkUUe5y7guuKH05Zkw2bLziJib+36g16fW1GUyiUMIaUiyjHPASvCHkSFMRyJNH0LiTw9gkSiuoc5KEVRnKFCylu2U5xt+ZHAIWCoF4PJJGHFq+0uJip0IaEoig8ELaRURDmmJ/Av4KiwB1IBTEJqnL6P1Dzdj9RAHRHmoBRFcY8KKW8Zhnymw1y+fjXwlHfDaUtLffyAPSEVX+vXGBRFqSyCFFIqolyxCh+vOwqdEXe9/Yjb3qcR9z1FUcoAFVLek0AiU254ChFTvpC04tttLSqs+Ha/xqAoSmURlJBSEeWa+4Grwx5EmXIG8DPgM0jfJ0VRygwVUt5zJFIrNc/h64YiaX3F1ljlpcWKr7W1sKiNveHXGBRFqSyCEFIqooriTWB02IMoMzoj4ulniJhSFKVMUSHlDxcgLn5OuA4xmvCNFqtpit0FRsKKV/s5FkVRKgO/hZSKqKI4GWgOexBlRmYUqnPIY1EUxWdUSEWH1xHrc19J1scO2VpkNGy2/B6Loijlj59CSkVU0XwI+GTYgygTNAqlKBWICqlo4EvvqFy0NMR22llo7LdiW4MYj6Io5Y1fQkpFlCe8CCwKexBlgEahFKVCUSEVDXzpHZWL5vprG+0sNpobNu0NYjyKopQ3fggpFVGe0B/4a9iDKHE0CqUoFY4KqfDxrXdULhIr43Pt10k1VgUxJkVRyhevhZSKKM94P/ClsAdRwmgUSlEUFVIRwNfeUbmwLaRWxucGOS5FUcoPL4WUiihPeRC4OOxBlCgahVIUBVAhFQV87R2Vi6QV3+1HzYKiKEo2doVUS0NsZ6HjqIjynN8DQ8IeRInRBfgq0itSo1CKoqiQChnfe0flIqgGmYqiKMmGzZad+aZQXWbCaqxqbti0V0WUZ5wKvBL2IEqMwcD3gNvDHoiiKNFBhVS4+N47Khd2DSfau0OsKIrSHk761+U9Rn3TDhVRnnJTalPsMRn4MfCBsAeiKEq0UCEVLoH0jsrGtuGEFd8d9NgURSk/7IqfXMLHbgRdRZQjXiGEa0+JMg/4A3Bp2ANRFCV6qJAKj4dSW+CokFIUJUha62L7bM05WY3A7aYFqohyxBCkPkppn5XIOmll2ANRFCWaqJAKh9BEFNhPtdlbu/5gWGNUFKV8sNsIPLMu06W5hIqo9rkYcexTCnMpEomaF/ZAFEWJLiqkgidUEZWm2JoFRVEUuzg1uHFpLqEiyh5fQnpIKfn5AFITNTnsgSiKEm10oRwskRBRoEJKUZTgcCqkXJhLqIiyz1+B/mEPIsLcjrjzDQ57IIqiRB9dKAdDX+AZ4HNhDyRNsj52yM4CRRcniqIUixMh5cpcIqu2SsnLIuDFsAcRYbYjfaK6hDwORVFKBBVS/jMFaAFuDHsgmdhtyptYGZ8b9lgVRWmfhNVY5dImvPitNvZGS33TjtZBs29orVs1J2E1VmWOza442l/f9N9Oz6397hzxSeBDYQ8igmQ22lUURbGNCil/WQb8mQjapqqQUpTyIdmw2XJhzODrtrd2/cHm+ti2hBWvtiukWhvi/3ByDu1155hm4OSwBxExtNGuoiiuUSHlH5ciImpZ2APJhV0Xreb6axvDHquiKIeTsOLVzfWxbWELJruiyutjttbF9mVHvpSCjAbeDHsQEUMb7SqKUhQqpPzhRiSdL7L1RbbrEGpju8Ieq6JUKi1W05TWulVzWus2rGkdNPv/t3d/IZaWdRzAvyySGKILUYRLsqQVLAlLsHQhrmtIIaF7dmZl96LMi0JBw1XbnaMkO0YoZtiCGhktLRJ1Ef252ILEcrvIMizF3ZkVzFwlwpvcYcGLLJgunjl5dt0/58ycM8/7znw+8GNmd4ZzfrPszDzf87zv79k7e/2e78xunXpmduvUM7XDUeUyXGJ4X03yg9pNNIiDdoElE6RG68KUgRJPpQyYaKxhbui2YIGzezfwLNQlm/f26qTwU+q1BgSRdpfhEotxMMmNtZtoCAftAiMhSI3OF5P8I8mjtRsZxOzkns7Ai5ZO90DtfmHchKF2lOESi/K+JP9JclHtRhrAQbvAyAhSS/eJJD9P8lySz1TuZSgzE91jgy5epjvd9bX7hcWY7uxae3TbjVe/tO3Orf8PRi6Pa2UZLrFo1yd5unYTDeCgXWCkBKml6ab8G3ZrN7IYM53uzV4Fpu16O0mzk3ffcfSSzXuPTEz90K7RyivDJZbksSS7azdRmYN2gZETpBbnMyk7UD9P2ZFqpenOrrWzAx7M+8LWO45bxLBU/TtDvcDTtLHdqpnlKIYleSWrdxfmI3HQLjAmgtRw1qXcA/WPlHuiWm+4oRPdm2v3S/MJS2rUdbgzta/2/+sWuzzJG7WbqOCylN/X/005iBhg5ASpwaxLuSxgfuHthXXbGZ3pTnf9wAuarVOv1e6XZhCWGl9zyzXZbrqza+309u6W/RPd6UHPpxv2a7EbviQ3JflJ7SaW0YYkTyR5O8kDST5Utx1gJROkzu7UALUir62e7XQPDLqocXnN6iEstbNmJqd+WTN4THe660/zM2WgS4hPW0adL9UTKWdIrXQbUy7hO55kbxLhGxg7Qer0VkWA6pnp7N446KKmaUMnpjvd9SeNrD6l+ie1nalOGWv9nhIeVMNrbrbTPdDkyZrDXEJ8UnW6h2r3vgIcTvKp2k2M0aeT/DjJm0nuSXJB3XaA1WQ+yfm1m2iQVRWg+s12uoeGWdhMd3atXdileK0BC0mlVm51uodmO91DhztT+/ZPdKdnOt2bp7d3tzQ5OJ1qkUFqrk1fY0N9MMlc7SbGZHOSnyV5PcldSdbUbQdYjR5P8rckN9RupLJVG6B6Bj2g94Wtdxyf6ezeaJdGqXdrZqJ7rBd4+kNPr6a3d7f0aqaze2Pt7/fltpggZcDESHSS/Lp2EyN2bZKDKZMIb6vcC0BuSAlTjyf5WOVelttlWeUBqmdhFPpAC5yjk7tfrr1wVWrUJQyNz2KCVNMuI26pbyX5eu0mRuTzSZ5KciTJVyr3AnCS81N+4L6V5KdJPle3nbG7KsmPkpxI8nBWcYDqNzPRPVZ7MavUOOrotqkXFwLSgf7L4wSi5SFIVfOHJNfUbmKJtiX5fZK/pkwgBGis85LcmuQvC3Xrwt+tFDuS/C7Jy0nujJtSTzLM9D6lGlRzvV2k9+weGZvdCIJUFeen3fdB70zyx4XaWbkXgKF9LmV36q2U3aqdKSejty1YXZASml5OCVE76rbTXEcm7trVgEWxWtk1178zNDu5p2Ok/sonSFVxTcqOVNvclLL79PuU3SiAVvtYkvtTQtVMyitcMwt/vj/NDVibUi7bO5FyGd9VddtpvmHGoCt1lhKWOIkgVcXXU14EbYuvpNz/9FTK/VAAK9J5KcFpZ5oXsDalnGR+dKEeSBkowYAasAhX7ShhiYEtJki5f23Jfp0yta/pbkuZwHcwZSIfwKo0aMDqJLl0hM97uvC0aYSPv6oMfJ7UxNRcAxbzarwlLDESQwcpB/GOwlzKOVJNtCbl7KfXU86C2ly3HYDm6g9Y30h51emfC3UwyaEkexdRwtMYDLrgmZnY/avDnal9DZj0N9c/svp01T/C+nTVCwhnLIeCwpIME6RmJrrHfM8t2aeSHK7dxGlckOSeJG8m+XGST9dtB6C9Lk3ZnVpMiNq78BjC04gNejDvkcmvvVC7V6AdBn+BZupPJi2OxFeTPFG7iT5rU35vH09yIInLNgFYeYYZOFG7V6AdBg1SBkyMzE/SjDOXPpRyxcjbKcFuQ912AGDMBr4Ex83gwAAEqWX3RpLLKz7/h5N8O8l/kzwaQ58AWC2Obpt6caAwNbmnDROhgMoEqWX1gZTzH2u4KMk3k7yT5JEkH6nUBwDUMTM59UuLHmBUprd3t9jlXjabkjy/zM95XpJ7UyYFfi/JR5f5+QGgGbx6DIzaOXe6jTwflR0px40sl10pU3ifTPLJZXxeAGgeQQoYtZnO7o1nOi7ByPOR6iZ5aBme55Ykr6aENhN0ASARpIDxmO7sWtt//tzMRPfY4c7UPiPPR+r7KSFnXL6YckbVr5JcPcbnAYD2EaQAWuvpJJ8dw+NOJnkuyTNJrhvD4wNA+wlSAK31akY7+vy6lPD0XEqYAgDORJACaKU1SeYX3i7V1SmX7x1OuZwPADgXo4oBWunylB2ppdiUMkDi1Yz3XisAWJmMKgZonc+m3CO1GJ9MGWH+z5SR5gDAYhhVDNA6t6RM7RvGR1MO0Z1LOVT3vFE3BQCrjlHFAK3yUMo5UoN6JMk7Sb6Z5KKxdAQAANBwP02yY4DPW5fkd0n2J/nwWDsCAABouOdThkWczZVJ/p7kvvG3AwAA0HxvJfnAWT7+hZTx6F9YnnYAAACa7eIkJ87y8ftSdqKuXJ52AAAAmm9DkqNn+Nj+lHui1i1fOwAAAM13bd57hlT/UAkAAABO8aWUA3V7DJUAAAA4h3uTPLjwvqESAAAAA3gsye0xVAIAAGBgv0jy2xgqAQAAMLBXkrxUuwkAAIA2+XeSW2o3AQAA0BY3pgyXWFO7EQAAgLZ4Psm/ajcBAADQFttT7o36c+1GAAAA2uLZJA+nTO0DAADgHLanBKnbU86RAgAA4ByeTQlTDya5t3IvAAAAjdfbjUqSJ5N8qWIvAAAArdDbjUqSp5NcW7EXAACAVpjve/9okg21GgEAAGiL/iB1IsnFtRoBAABoi16QuiLJ32o2AgAA0Ba9IHV3ku/WbAQAAKAtekHqN0k6NRsBAABoi/kk7+97CwAAwDnMp+xE/aZ2IwAAAG0xn3Jv1N21GwEAAGiL+ZRpfVfUbgQAAKAt5pMcq90EAABAm8wnebJ2EwAAAG0yn+TLtZsAAABok/kkH6/dBAAAQJvMn/tTAAAA6CdIAQAADEmQAgAAGJIgBQAAAAAAAAAAAAAAAAAAAAAAAAAAAAAAAAAAAAAAAAAAAAAAAAAAAAAAAAAAAAAAAAAAAAAAAAAAAAAAAAAAAAAAAAAAAAAAAAAAAAAAAAAAAAAAAAAAAAAAAAAAAAAAAAAAAAAAAAAAAAAAAAAAAAAAAAAAAAAAAAAAAAAAAAAAAAAAAAAAAAAAAAAAAAAAAAAAAAAAAAAAAAAAAAAAAAAAAAAAAAAAAAAAAAAAAAAAAAAAAAAAAAAAAAAAAAAAAAAAAAAAAAAAAAAAAAAAAAAAAAAAAAAAAAAAAAAAAAAAAAAAAAAAAAAAAAAAAAAAAAAAAAAAAAAAAAAAAAAAAAAAAAAAAAAAAAAAAAAAAAAAAAAAAAAAAAAAAAAAAAAAAAAAAAAAAAAAAAAAAAAAAAAAAAAAAAAAAAAAAAAAAAAAAAAAAAAAAAAAAAAAAAAAAAAAAAAAAAAAAAAAAAAAAAAAAAAAAAAAAAAAAAAAAAAAAAAAAAAAAAAAAAAAAAAAAAAAAAAAAAAAAAAAAAAAAAAAAAAAAAAAAAAAAAAAAAAAAAAAAAAAAAAAAAAAAAAAAAAAAAAAAAAAAAAAAAAAAAAAAAAAAAAAAAAAAAAAAAAAAAAAAAAAAAAAAAAAAAAAAAAAAAAAAAAAAAAAAAAAAAAAAAAAAAAAAAAAAAAAAAAAAAAAAAAAAAAAAAAAAAAAAAAAAAAAAAAAAAAAAAAAAAAAAAAAAAAAAAAAAAAAAAAAAAAAAAAAAAAAAAAAAAAAAAAAAAAAAAAAAAAAAAAAAAAAAAAAAAAAAAAAAAAAAAAAAAAAAAAAAAAAAAAAAAAAAAAAAAAAAAAAAAAAAAAAAAAAAAAAAAAAAAAAAAAAAAAAAAAAAAAAAAAAAAAAAAAAAAAAAAAAAAAAAAAAAAAAAAAAAAAAAAAAAAAAAAAAAAAAAAAAAAAAAAAAAAAAAAAAAAAAAAAAAAAAAAAAAAAAAAAAAAAAAAAAAAAAAAAAAAAAAAAAAAAAAAAA0B7/AxUPPwjDmW2eAAAAAElFTkSuQmCC');
INSERT INTO image (id, planche_id, title, posx, posy, width, height, content) VALUES (2, 1, 'test', 270, 5, 260, 240, NULL);
INSERT INTO image (id, planche_id, title, posx, posy, width, height, content) VALUES (10, 11, NULL, 10, 10, 580, 320, NULL);
INSERT INTO image (id, planche_id, title, posx, posy, width, height, content) VALUES (12, 11, NULL, 290, 339, 290, 260, NULL);
INSERT INTO image (id, planche_id, title, posx, posy, width, height, content) VALUES (11, 11, NULL, 10, 339, 280, 260, NULL);
INSERT INTO image (id, planche_id, title, posx, posy, width, height, content) VALUES (13, 12, NULL, 10, 10, 580, 310, NULL);


--
-- TOC entry 2415 (class 0 OID 0)
-- Dependencies: 176
-- Name: image_id_seq; Type: SEQUENCE SET; Schema: public; Owner: postgres
--

SELECT pg_catalog.setval('image_id_seq', 15, true);


--
-- TOC entry 2416 (class 0 OID 0)
-- Dependencies: 177
-- Name: palette_id_seq; Type: SEQUENCE SET; Schema: public; Owner: postgres
--

SELECT pg_catalog.setval('palette_id_seq', 1, false);


--
-- TOC entry 2417 (class 0 OID 0)
-- Dependencies: 178
-- Name: planche_id_seq; Type: SEQUENCE SET; Schema: public; Owner: postgres
--

SELECT pg_catalog.setval('planche_id_seq', 13, true);


--
-- TOC entry 2405 (class 0 OID 18515)
-- Dependencies: 198
-- Data for Name: topic; Type: TABLE DATA; Schema: public; Owner: postgres
--

INSERT INTO topic (id, forum_id, creator_id, title, content, "time") VALUES (2, 1, 1, 'Test', 'test2', '2013-09-25 10:39:06');
INSERT INTO topic (id, forum_id, creator_id, title, content, "time") VALUES (4, 1, 1, 'PLIC', 'PLIC', '2013-09-25 19:01:20');
INSERT INTO topic (id, forum_id, creator_id, title, content, "time") VALUES (6, 2, 1, 'OLALA', '<h1>dqsdsq</h1>
<p>&nbsp;</p>
<p>dsqdqs<span style="text-decoration: underline;"><em>dqs</em></span></p>
<p><span style="text-decoration: underline;"><em>dddddd</em></span></p>', '2013-10-13 19:58:22');
INSERT INTO topic (id, forum_id, creator_id, title, content, "time") VALUES (7, 11, 1, 'Oenix', '<p>Bonjour,</p>
<p>&nbsp;</p>
<p>J''ai 22 ans, je suis &eacute;tudiant &agrave; EPITA. Je suis fan de Pastore.</p>
<p>&nbsp;</p>
<p>Merci.</p>', '2013-12-04 15:42:57');


--
-- TOC entry 2402 (class 0 OID 18492)
-- Dependencies: 195
-- Data for Name: post; Type: TABLE DATA; Schema: public; Owner: postgres
--

INSERT INTO post (id, topic_id, creator_id, content, "time") VALUES (4, 2, 1, 'test', '2013-09-25 19:00:09');
INSERT INTO post (id, topic_id, creator_id, content, "time") VALUES (5, 2, 1, 'gkfrgkgkfr', '2013-09-25 19:00:55');
INSERT INTO post (id, topic_id, creator_id, content, "time") VALUES (6, 6, 1, '<h2><span style="font-family: impact, chicago;"><strong>COOL LE NOUVEQU FORUM</strong></span></h2>', '2013-10-13 20:00:25');


--
-- TOC entry 2418 (class 0 OID 0)
-- Dependencies: 179
-- Name: post_id_seq; Type: SEQUENCE SET; Schema: public; Owner: postgres
--

SELECT pg_catalog.setval('post_id_seq', 6, true);


--
-- TOC entry 2419 (class 0 OID 0)
-- Dependencies: 171
-- Name: profilepicture_id_seq; Type: SEQUENCE SET; Schema: public; Owner: postgres
--

SELECT pg_catalog.setval('profilepicture_id_seq', 3, true);


--
-- TOC entry 2420 (class 0 OID 0)
-- Dependencies: 180
-- Name: scenario_id_seq; Type: SEQUENCE SET; Schema: public; Owner: postgres
--

SELECT pg_catalog.setval('scenario_id_seq', 6, true);


--
-- TOC entry 2421 (class 0 OID 0)
-- Dependencies: 181
-- Name: tag_id_seq; Type: SEQUENCE SET; Schema: public; Owner: postgres
--

SELECT pg_catalog.setval('tag_id_seq', 1, false);


--
-- TOC entry 2422 (class 0 OID 0)
-- Dependencies: 182
-- Name: topic_id_seq; Type: SEQUENCE SET; Schema: public; Owner: postgres
--

SELECT pg_catalog.setval('topic_id_seq', 7, true);


-- Completed on 2013-12-04 16:56:56 CET

--
-- PostgreSQL database dump complete
--

